strain	virus	country	region	year	date	Collection.Date	accession	GenomeName	Species	Strain	IsolationSource	IsolationCountry	Collection.Year	CollectionDate	GeographicLocation	HostCommonName	host	
GQ851608_ArB310/67	Orthoflavivirus nilense	Central African Republic	Africa	1967	1967-01-01	1967	GQ851608	West Nile virus ArB310/67	Orthoflavivirus nilense	ArB310/67		Central African Republic	1967	1967	Central African Republic			
KU978767_DAK AR MG 979	Orthoflavivirus nilense	Madagascar	Africa	1988	1988-02-12	1988-02-12	KU978767	West Nile virus strain DAK AR MG 979	Orthoflavivirus nilense	DAK AR MG 979	blood	Madagascar	1988	1988-02-12	Madagascar: Anjiro	Southern House Mosquito	Insect	
DQ176636_Madagascar-AnMg798	Orthoflavivirus nilense	Madagascar	Africa	1978	1978-01-01	1978	DQ176636	West Nile virus Madagascar-AnMg798	Orthoflavivirus nilense	Madagascar-AnMg798	parrot (Coracopsis vasa)	Madagascar	1978	1978	Madagascar			
AY701412_96-111	Orthoflavivirus nilense	Morocco	Africa	1996	1996-01-01	1996	AY701412	West Nile virus 96-111	Orthoflavivirus nilense	96-111	brain of horse with encephalitis	Morocco	1996	1996	Morocco	Horse	Nonhuman Mammal	
AY701413_04.05	Orthoflavivirus nilense	Morocco	Africa	2003	2003-01-01	2003	AY701413	West Nile virus 04.05	Orthoflavivirus nilense	4.05	brain of horse with encephalitis	Morocco	2003	2003	Morocco	Horse	Nonhuman Mammal	
MW383508_M6848-NA-2020	Orthoflavivirus nilense	Namibia	Africa	2020	2020-01-01	2020	MW383508	West Nile virus M6848-NA-2020	Orthoflavivirus nilense	M6848-NA-2020		Namibia	2020	2020	Namibia	Mosquito	Insect	
MW383507_M6646-NA-2020	Orthoflavivirus nilense	Namibia	Africa	2020	2020-01-01	2020	MW383507	West Nile virus M6646-NA-2020	Orthoflavivirus nilense	M6646-NA-2020		Namibia	2020	2020	Namibia	Mosquito	Insect	
GQ851607_IBAN7019	Orthoflavivirus nilense	Nigeria	Africa	1965	1965-01-01	1965	GQ851607	West Nile virus IBAN7019	Orthoflavivirus nilense	IBAN7019		Nigeria	1965	1965	Nigeria			
KY703854_ArD76986/1990/SN	Orthoflavivirus nilense	Senegal	Africa	1990	1990-01-01	1990	KY703854	West Nile virus ArD76986/1990/SN	Orthoflavivirus nilense	ArD76986/1990/SN		Senegal	1990	1990	Senegal	Mosquito	Insect	
KY703855_ArD96655/1993/SN	Orthoflavivirus nilense	Senegal	Africa	1993	1993-01-01	1993	KY703855	West Nile virus ArD96655/1993/SN	Orthoflavivirus nilense	ArD96655/1993/SN		Senegal	1993	1993	Senegal	Tick	Tick	
KY703856_ArD94343/1992/SN	Orthoflavivirus nilense	Senegal	Africa	1992	1992-01-01	1992	KY703856	West Nile virus ArD94343/1992/SN	Orthoflavivirus nilense	ArD94343/1992/SN		Senegal	1992	1992	Senegal	Mosquito	Insect	
GQ851606_ArD27875	Orthoflavivirus nilense	Senegal	Africa	1979	1979-01-01	1979	GQ851606	West Nile virus ArD27875	Orthoflavivirus nilense	ArD27875		Senegal	1979	1979	Senegal			
KM052152_349/77	Orthoflavivirus nilense	South Africa	Africa	1977	1977-01-01	1977	KM052152	West Nile virus 349/77	Orthoflavivirus nilense	349/77		South Africa	1977	1977	South Africa	Horse	Nonhuman Mammal	
EF429198_SA93/01	Orthoflavivirus nilense	South Africa	Africa	2001	2001-01-01	2001	EF429198	West Nile virus SA93/01	Orthoflavivirus nilense	SA93/01	patient with fever	 rash	 myalgia	 and encephalitis	South Africa	2001	2001	South Africa
EF429197_SPU116/89	Orthoflavivirus nilense	South Africa	Africa	1989	1989-01-01	1989	EF429197	West Nile virus SPU116/89	Orthoflavivirus nilense	SPU116/89	patient who died of necrotic hepatitis	South Africa	1989	1989	South Africa	Human	Human	
EF429199_SA381/00	Orthoflavivirus nilense	South Africa	Africa	2000	2000-01-01	2000	EF429199	West Nile virus SA381/00	Orthoflavivirus nilense	SA381/00	patient with fever	 rash	 myalgia	 and arthralgia	South Africa	2000	2000	South Africa
EF429200_H442	Orthoflavivirus nilense	South Africa	Africa	1958	1958-01-01	1958	EF429200	West Nile virus H442	Orthoflavivirus nilense	H442	patient with fever	 rash	 myalgia	 and arthralgia	South Africa	1958	1958	South Africa
KY523178_UG2274/Uganda/2009	Orthoflavivirus nilense	Uganda	Africa	2009	2009-06-01	2009-06	KY523178	West Nile virus UG2274/Uganda/2009	Orthoflavivirus nilense	UG2274/Uganda/2009	mosquito pool	Uganda	2009	2009-06	Uganda: Queen Elizabeth National Park	Mosquito	Insect	
LC318700_Zmq16m11	Orthoflavivirus nilense	Zambia	Africa	2016	2016-05-16	2016-05-16	LC318700	West Nile virus Zmq16m11	Orthoflavivirus nilense	Zmq16m11	Culex quinquefasciatus	Zambia	2016	2016-05-16	Zambia:Mongu district			
LC489409_Croc1102019ZM	Orthoflavivirus nilense	Zambia	Africa	2019	2019-01-01	2019	LC489409	West Nile virus Croc1102019ZM	Orthoflavivirus nilense	Croc1102019ZM		Zambia	2019	2019	Zambia			
KP780837_Sepperl	Orthoflavivirus nilense	Austria	Europe	2008	2008-08-29	2008-08-29	KP780837	West Nile virus Sepperl	Orthoflavivirus nilense	Sepperl		Austria	2008	2008-08-29	Austria			
KP780838_Mismo	Orthoflavivirus nilense	Austria	Europe	2009	2009-09-16	2009-09-16	KP780838	West Nile virus Mismo	Orthoflavivirus nilense	Mismo		Austria	2009	2009-09-16	Austria			
KP780839_Berliner	Orthoflavivirus nilense	Austria	Europe	2011	2011-03-14	2011-03-14	KP780839	West Nile virus Berliner	Orthoflavivirus nilense	Berliner		Austria	2011	2011-03-14	Austria			
KP780840_Tammy	Orthoflavivirus nilense	Austria	Europe	2014	2014-08-21	2014-08-21	KP780840	West Nile virus Tammy	Orthoflavivirus nilense	Tammy		Austria	2014	2014-08-21	Austria			
MF984337_Blood donor 1/Austria/2015 (BD1/15)	Orthoflavivirus nilense	Austria	Europe	2015	2015-01-01	2015	MF984337	West Nile virus Blood donor 1/Austria/2015 (BD1/15)	Orthoflavivirus nilense	Blood donor 1/Austria/2015 (BD1/15)	plasma	Austria	2015	2015	Austria	Human	Human	
MF984338_Blood donor 2/Austria/2015 (BD2/15)	Orthoflavivirus nilense	Austria	Europe	2015	2015-01-01	2015	MF984338	West Nile virus Blood donor 2/Austria/2015 (BD2/15)	Orthoflavivirus nilense	Blood donor 2/Austria/2015 (BD2/15)	plasma	Austria	2015	2015	Austria	Human	Human	
MF984339_Blood donor 3/Austria/2015 (BD3/15)	Orthoflavivirus nilense	Austria	Europe	2015	2015-01-01	2015	MF984339	West Nile virus Blood donor 3/Austria/2015 (BD3/15)	Orthoflavivirus nilense	Blood donor 3/Austria/2015 (BD3/15)	plasma	Austria	2015	2015	Austria	Human	Human	
MF984340_Blood donor 4/Austria/2015 (BD4/15)	Orthoflavivirus nilense	Austria	Europe	2015	2015-01-01	2015	MF984340	West Nile virus Blood donor 4/Austria/2015 (BD4/15)	Orthoflavivirus nilense	Blood donor 4/Austria/2015 (BD4/15)	plasma	Austria	2015	2015	Austria	Human	Human	
MF984341_Blood donor Blood donor 5/Austria/2015 (BD5/15)	Orthoflavivirus nilense	Austria	Europe	2015	2015-01-01	2015	MF984341	West Nile virus Blood donor Blood donor 5/Austria/2015 (BD5/15)	Orthoflavivirus nilense	Blood donor Blood donor 5/Austria/2015 (BD5/15)	plasma	Austria	2015	2015	Austria	Human	Human	
MF984342_Patient 1/Austria/2015 (Pa1/15)	Orthoflavivirus nilense	Austria	Europe	2015	2015-01-01	2015	MF984342	West Nile virus Patient 1/Austria/2015 (Pa1/15)	Orthoflavivirus nilense	Patient 1/Austria/2015 (Pa1/15)	plasma	Austria	2015	2015	Austria	Human	Human	
MF984343_Patient 2/Austria/2015 (Pa2/15)	Orthoflavivirus nilense	Austria	Europe	2015	2015-01-01	2015	MF984343	West Nile virus Patient 2/Austria/2015 (Pa2/15)	Orthoflavivirus nilense	Patient 2/Austria/2015 (Pa2/15)	urine	Austria	2015	2015	Austria	Human	Human	
MF984344_Goshawk/Austria/2015 (Bi1/15)	Orthoflavivirus nilense	Austria	Europe	2015	2015-01-01	2015	MF984344	West Nile virus Goshawk/Austria/2015 (Bi1/15)	Orthoflavivirus nilense	Goshawk/Austria/2015 (Bi1/15)	brain	Austria	2015	2015	Austria	Goshawk	Avian	
MF984345_Falcon/Austria/2015 (Bi2/15)	Orthoflavivirus nilense	Austria	Europe	2015	2015-01-01	2015	MF984345	West Nile virus Falcon/Austria/2015 (Bi2/15)	Orthoflavivirus nilense	Falcon/Austria/2015 (Bi2/15)	brain	Austria	2015	2015	Austria	Falcon	Avian	
MF984346_Blood donor 1/Austria/2016 (BD1/16)	Orthoflavivirus nilense	Austria	Europe	2016	2016-01-01	2016	MF984346	West Nile virus Blood donor 1/Austria/2016 (BD1/16)	Orthoflavivirus nilense	Blood donor 1/Austria/2016 (BD1/16)	plasma	Austria	2016	2016	Austria	Human	Human	
MF984347_Blood donor 2/Austria/2016 (BD2/16)	Orthoflavivirus nilense	Austria	Europe	2016	2016-01-01	2016	MF984347	West Nile virus Blood donor 2/Austria/2016 (BD2/16)	Orthoflavivirus nilense	Blood donor 2/Austria/2016 (BD2/16)	plasma	Austria	2016	2016	Austria	Human	Human	
MF984348_Blood donor 3/Austria/2016 (BD3/16)	Orthoflavivirus nilense	Austria	Europe	2016	2016-01-01	2016	MF984348	West Nile virus Blood donor 3/Austria/2016 (BD3/16)	Orthoflavivirus nilense	Blood donor 3/Austria/2016 (BD3/16)	plasma	Austria	2016	2016	Austria	Human	Human	
MF984349_Horse 1/Austria/2016 (Ho1/16)	Orthoflavivirus nilense	Austria	Europe	2016	2016-01-01	2016	MF984349	West Nile virus Horse 1/Austria/2016 (Ho1/16)	Orthoflavivirus nilense	Horse 1/Austria/2016 (Ho1/16)	plasma	Austria	2016	2016	Austria	Horse	Nonhuman Mammal	
MF984350_Horse 2/Austria/2016 (Ho2/16)	Orthoflavivirus nilense	Austria	Europe	2016	2016-01-01	2016	MF984350	West Nile virus Horse 2/Austria/2016 (Ho2/16)	Orthoflavivirus nilense	Horse 2/Austria/2016 (Ho2/16)	brain	Austria	2016	2016	Austria	Horse	Nonhuman Mammal	
MF984351_Cx. pipiens 1/Austria/2016 (Cx1/16)	Orthoflavivirus nilense	Austria	Europe	2016	2016-01-01	2016	MF984351	West Nile virus Cx. pipiens 1/Austria/2016 (Cx1/16)	Orthoflavivirus nilense	Cx. pipiens 1/Austria/2016 (Cx1/16)	mosquito suspension	Austria	2016	2016	Austria	Northern House Mosquito	Insect	
MF984352_Cx. pipiens 2/Austria/2016 (Cx2/16)	Orthoflavivirus nilense	Austria	Europe	2016	2016-01-01	2016	MF984352	West Nile virus Cx. pipiens 2/Austria/2016 (Cx2/16)	Orthoflavivirus nilense	Cx. pipiens 2/Austria/2016 (Cx2/16)	mosquito suspension	Austria	2016	2016	Austria	Northern House Mosquito	Insect	
KM659876_BD-AUT	Orthoflavivirus nilense	Austria	Europe	2014	2014-01-01	2014	KM659876	West Nile virus BD-AUT	Orthoflavivirus nilense	BD-AUT	human blood donor serum	Austria	2014	2014	Austria	Human	Human	
KF179640_Austria/2008_gh	Orthoflavivirus nilense	Austria	Europe	2008	2008-01-01	2008	KF179640	West Nile virus Austria/2008_gh	Orthoflavivirus nilense	Austria/2008_gh		Austria	2008	2008	Austria	Goshawk	Avian	
KJ831223_Uu-LN-AT-2013	Orthoflavivirus nilense	Austria	Europe	2013	2013-08-01	2013-08	KJ831223	West Nile virus Uu-LN-AT-2013	Orthoflavivirus nilense	Uu-LN-AT-2013	mosquito pool	Austria	2013	2013-08	Austria: Lake Neusiedl	Mosquito	Insect	
KP109691_blood donor/Vienna/2014	Orthoflavivirus nilense	Austria	Europe	2014	2014-01-01	2014	KP109691	West Nile virus blood donor/Vienna/2014	Orthoflavivirus nilense	blood donor/Vienna/2014		Austria	2014	2014	Austria	Human	Human	
KP109692_Cx. pipiens/Vienna/2014	Orthoflavivirus nilense	Austria	Europe	2014	2014-01-01	2014	KP109692	West Nile virus Cx. pipiens/Vienna/2014	Orthoflavivirus nilense	Cx. pipiens/Vienna/2014		Austria	2014	2014	Austria	Northern House Mosquito	Insect	
JX041628_LEIV-72Az	Orthoflavivirus nilense	Azerbaijan	Europe	1970	1970-01-01	1970	JX041628	West Nile virus LEIV-72Az	Orthoflavivirus nilense	LEIV-72Az		Azerbaijan	1970	1970	Azerbaijan	Tick	Tick	
JX041629_LEIV-1628Az	Orthoflavivirus nilense	Azerbaijan	Europe	1967	1967-01-01	1967	JX041629	West Nile virus LEIV-1628Az	Orthoflavivirus nilense	LEIV-1628Az		Azerbaijan	1967	1967	Azerbaijan	Bird	Avian	
JX041630_LEIV-1640Az	Orthoflavivirus nilense	Azerbaijan	Europe	1967	1967-01-01	1967	JX041630	West Nile virus LEIV-1640Az	Orthoflavivirus nilense	LEIV-1640Az		Azerbaijan	1967	1967	Azerbaijan	Bird	Avian	
KR107956_Is98	Orthoflavivirus nilense	Belgium	Europe	2014	2014-01-01	2014	KR107956	West Nile virus Is98	Orthoflavivirus nilense	Is98		Belgium	2014	2014	Belgium	Lab host	Lab	
MH021189_WNV/Belgium/2017/Antwerpen	Orthoflavivirus nilense	Belgium	Europe	2017	2017-10-01	2017-10	MH021189	West Nile virus WNV/Belgium/2017/Antwerpen	Orthoflavivirus nilense	WNV/Belgium/2017/Antwerpen		Belgium	2017	2017-10	Belgium	Human	Human	
KU206781_Bulgaria/2015/Sofia	Orthoflavivirus nilense	Bulgaria	Europe	2015	2015-08-27	2015-08-27	KU206781	West Nile virus Bulgaria/2015/Sofia	Orthoflavivirus nilense	Bulgaria/2015/Sofia		Bulgaria	2015	2015-08-27	Bulgaria	Human	Human	
MT341472_Pleven_10m-Bulgaria-2018	Orthoflavivirus nilense	Bulgaria	Europe	2018	2018-08-01	2018-08	MT341472	West Nile virus Pleven_10m-Bulgaria-2018	Orthoflavivirus nilense	Pleven_10m-Bulgaria-2018		Bulgaria	2018	2018-08	Bulgaria	Mosquito	Insect	
MF797870_WNV_Cy2016	Orthoflavivirus nilense	Cyprus	Europe	2016	2016-07-01	2016-07	MF797870	West Nile virus WNV_Cy2016	Orthoflavivirus nilense	WNV_Cy2016	urine	Cyprus	2016	2016-07	Cyprus	Human	Human	
KM203863_Cz 13-502	Orthoflavivirus nilense	Czech Republic	Europe	2013	2013-08-08	2013-08-08	KM203863	West Nile virus Cz 13-502	Orthoflavivirus nilense	Cz 13-502		Czech Republic	2013	2013-08-08	Czech Republic: South Moravia	 Mlynsky fishpond at Lednice	Mosquito	Insect
KM203860_Cz 13-104	Orthoflavivirus nilense	Czech Republic	Europe	2013	2013-08-08	2013-08-08	KM203860	West Nile virus Cz 13-104	Orthoflavivirus nilense	Cz 13-104		Czech Republic	2013	2013-08-08	Czech Republic: South Moravia	 Novy fishpond at Mikulov	Mosquito	Insect
KM203861_Cz 13-329	Orthoflavivirus nilense	Czech Republic	Europe	2013	2013-08-08	2013-08-08	KM203861	West Nile virus Cz 13-329	Orthoflavivirus nilense	Cz 13-329		Czech Republic	2013	2013-08-08	Czech Republic: South Moravia	 Nesyt fishpond at Mikulov	Mosquito	Insect
KM203862_Cz 13-479	Orthoflavivirus nilense	Czech Republic	Europe	2013	2013-08-08	2013-08-08	KM203862	West Nile virus Cz 13-479	Orthoflavivirus nilense	Cz 13-479		Czech Republic	2013	2013-08-08	Czech Republic: South Moravia	 Mlynsky fishpond at Lednice	Mosquito	Insect
MT863559_Akela/France/2015	Orthoflavivirus nilense	France	Europe	2015	2015-10-03	2015-10-03	MT863559	West Nile virus Akela/France/2015	Orthoflavivirus nilense	Akela/France/2015		France	2015	2015-10-03	France	Horse	Nonhuman Mammal	
MT863560_6125/France/2018	Orthoflavivirus nilense	France	Europe	2018	2018-09-08	2018-09-08	MT863560	West Nile virus 6125/France/2018	Orthoflavivirus nilense	6125/France/2018		France	2018	2018-09-08	France	Common Buzzard	Avian	
MT863561_7025/France/2018	Orthoflavivirus nilense	France	Europe	2018	2018-10-06	2018-10-06	MT863561	West Nile virus 7025/France/2018	Orthoflavivirus nilense	7025/France/2018		France	2018	2018-10-06	France	Goshawk	Avian	
MN794935_BNI-10/19	Orthoflavivirus nilense	Germany	Europe	2019	2019-01-01	2019	MN794935	West Nile virus BNI-10/19	Orthoflavivirus nilense	BNI-10/19		Germany	2019	2019	Germany	Human	Human	
MN794936_Berlin748	Orthoflavivirus nilense	Germany	Europe	2019	2019-01-01	2019	MN794936	West Nile virus Berlin748	Orthoflavivirus nilense	Berlin748		Germany	2019	2019	Germany	Human	Human	
MN794937_BNI-2635	Orthoflavivirus nilense	Germany	Europe	2019	2019-01-01	2019	MN794937	West Nile virus BNI-2635	Orthoflavivirus nilense	BNI-2635		Germany	2019	2019	Germany	Blackbird	Avian	
MN794938_BNI-2615	Orthoflavivirus nilense	Germany	Europe	2019	2019-01-01	2019	MN794938	West Nile virus BNI-2615	Orthoflavivirus nilense	BNI-2615		Germany	2019	2019	Germany	Sparrow	Avian	
MN794939_BNI-2432	Orthoflavivirus nilense	Germany	Europe	2019	2019-01-01	2019	MN794939	West Nile virus BNI-2432	Orthoflavivirus nilense	BNI-2432		Germany	2019	2019	Germany			
LR743421_ED-I-139_19	Orthoflavivirus nilense	Germany	Europe	2019	2019-08-30	2019-08-30	LR743421	West Nile virus ED-I-139_19	Orthoflavivirus nilense	ED-I-139_19		Germany	2019	2019-08-30	Germany			
LR743422_ED-I-155_19	Orthoflavivirus nilense	Germany	Europe	2019	2019-08-26	2019-08-26	LR743422	West Nile virus ED-I-155_19	Orthoflavivirus nilense	ED-I-155_19		Germany	2019	2019-08-26	Germany	Goshawk	Avian	
LR743423_ED-I-156_19	Orthoflavivirus nilense	Germany	Europe	2019	2019-08-31	2019-08-31	LR743423	West Nile virus ED-I-156_19	Orthoflavivirus nilense	ED-I-156_19		Germany	2019	2019-08-31	Germany	Goshawk	Avian	
LR743424_ED-I-85_19	Orthoflavivirus nilense	Germany	Europe	2019	2019-08-04	2019-08-04	LR743424	West Nile virus ED-I-85_19	Orthoflavivirus nilense	ED-I-85_19		Germany	2019	2019-08-04	Germany	Snowy Owl	Avian	
LR743425_ED-I-62_19	Orthoflavivirus nilense	Germany	Europe	2019	2019-07-03	2019-07-03	LR743425	West Nile virus ED-I-62_19	Orthoflavivirus nilense	ED-I-62_19		Germany	2019	2019-07-03	Germany	Snowy Owl	Avian	
LR743426_ED-I-157_19	Orthoflavivirus nilense	Germany	Europe	2019	2019-08-31	2019-08-31	LR743426	West Nile virus ED-I-157_19	Orthoflavivirus nilense	ED-I-157_19		Germany	2019	2019-08-31	Germany	Snowy Owl	Avian	
LR743427_ED-I-148_19	Orthoflavivirus nilense	Germany	Europe	2019	2019-07-14	2019-07-14	LR743427	West Nile virus ED-I-148_19	Orthoflavivirus nilense	ED-I-148_19		Germany	2019	2019-07-14	Germany	Goshawk	Avian	
LR743428_ED-I-118_19	Orthoflavivirus nilense	Germany	Europe	2019	2019-08-18	2019-08-18	LR743428	West Nile virus ED-I-118_19	Orthoflavivirus nilense	ED-I-118_19		Germany	2019	2019-08-18	Germany	Snowy Owl	Avian	
LR743429_ED-I-142_18	Orthoflavivirus nilense	Germany	Europe	2018	2018-09-19	2018-09-19	LR743429	West Nile virus ED-I-142_18	Orthoflavivirus nilense	ED-I-142_18		Germany	2018	2018-09-19	Germany			
LR743430_ED-I-89_19	Orthoflavivirus nilense	Germany	Europe	2019	2019-08-08	2019-08-08	LR743430	West Nile virus ED-I-89_19	Orthoflavivirus nilense	ED-I-89_19		Germany	2019	2019-08-08	Germany			
LR743431_ED-I-177_19	Orthoflavivirus nilense	Germany	Europe	2019	2019-09-04	2019-09-04	LR743431	West Nile virus ED-I-177_19	Orthoflavivirus nilense	ED-I-177_19		Germany	2019	2019-09-04	Germany			
LR743432_ED-I-158_19	Orthoflavivirus nilense	Germany	Europe	2019	2019-08-30	2019-08-30	LR743432	West Nile virus ED-I-158_19	Orthoflavivirus nilense	ED-I-158_19		Germany	2019	2019-08-30	Germany			
LR743433_ED-I-82_18	Orthoflavivirus nilense	Germany	Europe	2018	2018-09-01	2018-09-01	LR743433	West Nile virus ED-I-82_18	Orthoflavivirus nilense	ED-I-82_18		Germany	2018	2018-09-01	Germany	Goshawk	Avian	
LR743434_ED-I-114_18	Orthoflavivirus nilense	Germany	Europe	2018	2018-09-03	2018-09-03	LR743434	West Nile virus ED-I-114_18	Orthoflavivirus nilense	ED-I-114_18		Germany	2018	2018-09-03	Germany			
LR743435_ED-I-153_19	Orthoflavivirus nilense	Germany	Europe	2019	2019-08-20	2019-08-20	LR743435	West Nile virus ED-I-153_19	Orthoflavivirus nilense	ED-I-153_19		Germany	2019	2019-08-20	Germany	Goshawk	Avian	
LR743436_ED-I-89_18	Orthoflavivirus nilense	Germany	Europe	2018	2018-09-10	2018-09-10	LR743436	West Nile virus ED-I-89_18	Orthoflavivirus nilense	ED-I-89_18		Germany	2018	2018-09-10	Germany	Goshawk	Avian	
LR743437_ED-I-90_18	Orthoflavivirus nilense	Germany	Europe	2018	2018-08-31	2018-08-31	LR743437	West Nile virus ED-I-90_18	Orthoflavivirus nilense	ED-I-90_18		Germany	2018	2018-08-31	Germany			
LR743442_ED-I-87_19	Orthoflavivirus nilense	Germany	Europe	2019	2019-08-08	2019-08-08	LR743442	West Nile virus ED-I-87_19	Orthoflavivirus nilense	ED-I-87_19		Germany	2019	2019-08-08	Germany			
LR743443_ED-I-107-18	Orthoflavivirus nilense	Germany	Europe	2018	2018-09-05	2018-09-05	LR743443	West Nile virus ED-I-107-18	Orthoflavivirus nilense	ED-I-107-18		Germany	2018	2018-09-05	Germany	Snowy Owl	Avian	
LR743444_ED-I-83_19	Orthoflavivirus nilense	Germany	Europe	2019	2019-08-06	2019-08-06	LR743444	West Nile virus ED-I-83_19	Orthoflavivirus nilense	ED-I-83_19		Germany	2019	2019-08-06	Germany			
LR743445_ED-I-172_19	Orthoflavivirus nilense	Germany	Europe	2019	2019-09-03	2019-09-03	LR743445	West Nile virus ED-I-172_19	Orthoflavivirus nilense	ED-I-172_19		Germany	2019	2019-09-03	Germany			
LR743446_ED-I-109_19	Orthoflavivirus nilense	Germany	Europe	2019	2019-08-19	2019-08-19	LR743446	West Nile virus ED-I-109_19	Orthoflavivirus nilense	ED-I-109_19		Germany	2019	2019-08-19	Germany			
LR743447_CCT1C7-20	Orthoflavivirus nilense	Germany	Europe	2019	2019-09-24	2019-09-24	LR743447	West Nile virus CCT1C7-20	Orthoflavivirus nilense	CCT1C7-20		Germany	2019	2019-09-24	Germany	Northern House Mosquito	Insect	
LR743448_ED-I-201_19	Orthoflavivirus nilense	Germany	Europe	2019	2019-09-09	2019-09-09	LR743448	West Nile virus ED-I-201_19	Orthoflavivirus nilense	ED-I-201_19		Germany	2019	2019-09-09	Germany			
LR743450_ED-I-202_19	Orthoflavivirus nilense	Germany	Europe	2019	2019-09-09	2019-09-09	LR743450	West Nile virus ED-I-202_19	Orthoflavivirus nilense	ED-I-202_19		Germany	2019	2019-09-09	Germany			
LR743451_ED-I-165_19	Orthoflavivirus nilense	Germany	Europe	2019	2019-09-04	2019-09-04	LR743451	West Nile virus ED-I-165_19	Orthoflavivirus nilense	ED-I-165_19		Germany	2019	2019-09-04	Germany	Snowy Owl	Avian	
LR743452_ED-I-173_19	Orthoflavivirus nilense	Germany	Europe	2019	2019-09-04	2019-09-04	LR743452	West Nile virus ED-I-173_19	Orthoflavivirus nilense	ED-I-173_19		Germany	2019	2019-09-04	Germany			
LR743453_ED-I-94_19	Orthoflavivirus nilense	Germany	Europe	2019	2019-08-14	2019-08-14	LR743453	West Nile virus ED-I-94_19	Orthoflavivirus nilense	ED-I-94_19		Germany	2019	2019-08-14	Germany	Horse	Nonhuman Mammal	
LR743454_ED-I-205_19	Orthoflavivirus nilense	Germany	Europe	2019	2019-09-09	2019-09-09	LR743454	West Nile virus ED-I-205_19	Orthoflavivirus nilense	ED-I-205_19		Germany	2019	2019-09-09	Germany			
LR743456_ED-I-134_19	Orthoflavivirus nilense	Germany	Europe	2019	2019-08-26	2019-08-26	LR743456	West Nile virus ED-I-134_19	Orthoflavivirus nilense	ED-I-134_19		Germany	2019	2019-08-26	Germany	Sparrow	Avian	
LR743457_ED-I-208_19	Orthoflavivirus nilense	Germany	Europe	2019	2019-09-05	2019-09-05	LR743457	West Nile virus ED-I-208_19	Orthoflavivirus nilense	ED-I-208_19		Germany	2019	2019-09-05	Germany	Goshawk	Avian	
LR743458_ED-I-164_19	Orthoflavivirus nilense	Germany	Europe	2019	2019-09-03	2019-09-03	LR743458	West Nile virus ED-I-164_19	Orthoflavivirus nilense	ED-I-164_19		Germany	2019	2019-09-03	Germany	Snowy Owl	Avian	
LR743449_ED-I-163_19	Orthoflavivirus nilense	Germany	Europe	2019	2019-09-04	2019-09-04	LR743449	West Nile virus ED-I-163_19	Orthoflavivirus nilense	ED-I-163_19		Germany	2019	2019-09-04	Germany	Goshawk	Avian	
MH910045_CHVir-205/2018	Orthoflavivirus nilense	Germany	Europe	2018	2018-08-01	2018-08	MH910045	West Nile virus CHVir-205/2018	Orthoflavivirus nilense	CHVir-205/2018	CSF	Germany	2018	2018-08	Germany	Human	Human	
MH924836_ED-I-33/18-UM	Orthoflavivirus nilense	Germany	Europe	2018	2018-08-22	2018-08-22	MH924836	West Nile virus ED-I-33/18-UM	Orthoflavivirus nilense	ED-I-33/18-UM	spleen	Germany	2018	2018-08-22	Germany			
MH986055_1382/2018/Berlin/Ger	Orthoflavivirus nilense	Germany	Europe	2018	2018-01-01	2018	MH986055	West Nile virus 1382/2018/Berlin/Ger	Orthoflavivirus nilense	1382/2018/Berlin/Ger		Germany	2018	2018	Germany	Blackbird	Avian	
MH986056_1617/2018/Rostock/Ger	Orthoflavivirus nilense	Germany	Europe	2018	2018-01-01	2018	MH986056	West Nile virus 1617/2018/Rostock/Ger	Orthoflavivirus nilense	1617/2018/Rostock/Ger		Germany	2018	2018	Germany	Blackbird	Avian	
OQ725906_M892/2022	Orthoflavivirus nilense	Germany	Europe	2022	2022-07-25	2022-07-25	OQ725906	West Nile virus M892/2022	Orthoflavivirus nilense	M892/2022	mosquito homogenate	Germany	2022	2022-07-25	Germany	Northern House Mosquito	Insect	
OQ725908_M769/2022	Orthoflavivirus nilense	Germany	Europe	2022	2022-07-25	2022-07-25	OQ725908	West Nile virus M769/2022	Orthoflavivirus nilense	M769/2022	mosquito homogenate	Germany	2022	2022-07-25	Germany	Northern House Mosquito	Insect	
OQ725909_M2652/2022	Orthoflavivirus nilense	Germany	Europe	2022	2022-08-18	2022-08-18	OQ725909	West Nile virus M2652/2022	Orthoflavivirus nilense	M2652/2022	mosquito homogenate	Germany	2022	2022-08-18	Germany	Northern House Mosquito	Insect	
OQ725907_M644/2022	Orthoflavivirus nilense	Germany	Europe	2022	2022-07-25	2022-07-25	OQ725907	West Nile virus M644/2022	Orthoflavivirus nilense	M644/2022	mosquito homogenate	Germany	2022	2022-07-25	Germany	Northern House Mosquito	Insect	
KJ577738_Greece/2013/C105	Orthoflavivirus nilense	Greece	Europe	2013	2013-01-01	2013	KJ577738	West Nile virus Greece/2013/C105	Orthoflavivirus nilense	Greece/2013/C105	urine	Greece	2013	2013	Greece	Human	Human	
KJ577739_Greece/2013/C147	Orthoflavivirus nilense	Greece	Europe	2013	2013-01-01	2013	KJ577739	West Nile virus Greece/2013/C147	Orthoflavivirus nilense	Greece/2013/C147	urine	Greece	2013	2013	Greece	Human	Human	
MN652878_Thessaloniki_MC26m/2018	Orthoflavivirus nilense	Greece	Europe	2018	2018-07-01	2018-07	MN652878	West Nile virus Thessaloniki_MC26m/2018	Orthoflavivirus nilense	Thessaloniki_MC26m/2018		Greece	2018	2018-07	Greece	Mosquito	Insect	
MN652879_Pella_MC36m/2018	Orthoflavivirus nilense	Greece	Europe	2018	2018-07-01	2018-07	MN652879	West Nile virus Pella_MC36m/2018	Orthoflavivirus nilense	Pella_MC36m/2018		Greece	2018	2018-07	Greece	Mosquito	Insect	
MN652880_Thessaloniki_MC82m/2018	Orthoflavivirus nilense	Greece	Europe	2018	2018-08-01	2018-08	MN652880	West Nile virus Thessaloniki_MC82m/2018	Orthoflavivirus nilense	Thessaloniki_MC82m/2018		Greece	2018	2018-08	Greece	Mosquito	Insect	
MT341470_Larisa-3m-Greece-2019	Orthoflavivirus nilense	Greece	Europe	2019	2019-07-01	2019-07	MT341470	West Nile virus Larisa-3m-Greece-2019	Orthoflavivirus nilense	Larisa-3m-Greece-2019		Greece	2019	2019-07	Greece	Mosquito	Insect	
MT341471_Karditsa-13m-Greece-2019	Orthoflavivirus nilense	Greece	Europe	2019	2019-07-01	2019-07	MT341471	West Nile virus Karditsa-13m-Greece-2019	Orthoflavivirus nilense	Karditsa-13m-Greece-2019		Greece	2019	2019-07	Greece	Mosquito	Insect	
KY594040_341/2010	Orthoflavivirus nilense	Greece	Europe	2010	2010-01-01	2010	KY594040	West Nile virus 341/2010	Orthoflavivirus nilense	341/2010	blood donor	Greece	2010	2010	Greece	Human	Human	
MN480792_Thessaloniki_354h/2018	Orthoflavivirus nilense	Greece	Europe	2018	2018-08-01	2018-08	MN480792	West Nile virus Thessaloniki_354h/2018	Orthoflavivirus nilense	Thessaloniki_354h/2018	urine	Greece	2018	2018-08	Greece	Human	Human	
MN480793_Pella_435h/2018	Orthoflavivirus nilense	Greece	Europe	2018	2018-08-01	2018-08	MN480793	West Nile virus Pella_435h/2018	Orthoflavivirus nilense	Pella_435h/2018	urine	Greece	2018	2018-08	Greece	Human	Human	
MN480794_Thessaloniki_MC139m/2018	Orthoflavivirus nilense	Greece	Europe	2018	2018-09-01	2018-09	MN480794	West Nile virus Thessaloniki_MC139m/2018	Orthoflavivirus nilense	Thessaloniki_MC139m/2018		Greece	2018	2018-09	Greece	Mosquito	Insect	
MN480795_Pella_677h/2018	Orthoflavivirus nilense	Greece	Europe	2018	2018-08-01	2018-08	MN480795	West Nile virus Pella_677h/2018	Orthoflavivirus nilense	Pella_677h/2018	urine	Greece	2018	2018-08	Greece	Human	Human	
MN481589_S33b_GrM_2018/Thessaloniki	Orthoflavivirus nilense	Greece	Europe	2018	2018-07-17	2018-07-17	MN481589	West Nile virus S33b_GrM_2018/Thessaloniki	Orthoflavivirus nilense	S33b_GrM_2018/Thessaloniki	blood	Greece	2018	2018-07-17	Greece	Chicken	Avian	
MN481590_S14c_GrM_2018/Thessaloniki	Orthoflavivirus nilense	Greece	Europe	2018	2018-07-17	2018-07-17	MN481590	West Nile virus S14c_GrM_2018/Thessaloniki	Orthoflavivirus nilense	S14c_GrM_2018/Thessaloniki	blood	Greece	2018	2018-07-17	Greece	Horse	Nonhuman Mammal	
MN481591_S38b_GrTh_2018/Rhodope	Orthoflavivirus nilense	Greece	Europe	2018	2018-08-23	2018-08-23	MN481591	West Nile virus S38b_GrTh_2018/Rhodope	Orthoflavivirus nilense	S38b_GrTh_2018/Rhodope	blood	Greece	2018	2018-08-23	Greece	Dog	Nonhuman Mammal	
MN481592_S33_GrM_2012/Thessaloniki_1	Orthoflavivirus nilense	Greece	Europe	2012	2012-08-02	2012-08-02	MN481592	West Nile virus S33_GrM_2012/Thessaloniki_1	Orthoflavivirus nilense	S33_GrM_2012/Thessaloniki_1	homogenate	Greece	2012	2012-08-02	Greece	Mosquito	Insect	
MN481593_S34_GrM_2012/Thessaloniki_2	Orthoflavivirus nilense	Greece	Europe	2012	2012-08-22	2012-08-22	MN481593	West Nile virus S34_GrM_2012/Thessaloniki_2	Orthoflavivirus nilense	S34_GrM_2012/Thessaloniki_2	homogenate	Greece	2012	2012-08-22	Greece	Mosquito	Insect	
MN481594_S35_GrM_2012/Pella	Orthoflavivirus nilense	Greece	Europe	2012	2012-09-05	2012-09-05	MN481594	West Nile virus S35_GrM_2012/Pella	Orthoflavivirus nilense	S35_GrM_2012/Pella	homogenate	Greece	2012	2012-09-05	Greece	Mosquito	Insect	
MN481595_S36_GrM_2010/Thessaloniki	Orthoflavivirus nilense	Greece	Europe	2010	2010-09-30	2010-09-30	MN481595	West Nile virus S36_GrM_2010/Thessaloniki	Orthoflavivirus nilense	S36_GrM_2010/Thessaloniki	blood	Greece	2010	2010-09-30	Greece	Pigeon	Avian	
MN481596_S37_GrM_2011/Thessaloniki	Orthoflavivirus nilense	Greece	Europe	2011	2011-07-06	2011-07-06	MN481596	West Nile virus S37_GrM_2011/Thessaloniki	Orthoflavivirus nilense	S37_GrM_2011/Thessaloniki	blood	Greece	2011	2011-07-06	Greece	Chicken	Avian	
MN481597_S38_GrM_2012/Imathia	Orthoflavivirus nilense	Greece	Europe	2012	2012-08-27	2012-08-27	MN481597	West Nile virus S38_GrM_2012/Imathia	Orthoflavivirus nilense	S38_GrM_2012/Imathia	blood	Greece	2012	2012-08-27	Greece	Chicken	Avian	
KJ883347_Greece/2013/Serres_1	Orthoflavivirus nilense	Greece	Europe	2013	2013-01-01	2013	KJ883347	West Nile virus Greece/2013/Serres_1	Orthoflavivirus nilense	Greece/2013/Serres_1	urine	Greece	2013	2013	Greece	Human	Human	
KJ883344_Greece/2013/Xanthi_2	Orthoflavivirus nilense	Greece	Europe	2013	2013-01-01	2013	KJ883344	West Nile virus Greece/2013/Xanthi_2	Orthoflavivirus nilense	Greece/2013/Xanthi_2	urine	Greece	2013	2013	Greece	Human	Human	
KJ883342_Greece/2013/Kavala_1	Orthoflavivirus nilense	Greece	Europe	2013	2013-01-01	2013	KJ883342	West Nile virus Greece/2013/Kavala_1	Orthoflavivirus nilense	Greece/2013/Kavala_1	urine	Greece	2013	2013	Greece	Human	Human	
KJ883341_Greece/2013/Xanthi_4	Orthoflavivirus nilense	Greece	Europe	2013	2013-01-01	2013	KJ883341	West Nile virus Greece/2013/Xanthi_4	Orthoflavivirus nilense	Greece/2013/Xanthi_4	urine	Greece	2013	2013	Greece	Human	Human	
OL840871_GR-Edessa/516h/2018	Orthoflavivirus nilense	Greece	Europe	2018	2018-08-01	Aug-2018	OL840871	West Nile virus GR-Edessa/516h/2018	Orthoflavivirus nilense	GR-Edessa/516h/2018		Greece	2018	Aug-2018	Greece	Human	Human	
OL840872_GR-Thessaloniki/563h/2018	Orthoflavivirus nilense	Greece	Europe	2018	2018-08-01	Aug-2018	OL840872	West Nile virus GR-Thessaloniki/563h/2018	Orthoflavivirus nilense	GR-Thessaloniki/563h/2018		Greece	2018	Aug-2018	Greece	Human	Human	
OL840873_GR-Larissa/778h/2018	Orthoflavivirus nilense	Greece	Europe	2018	2018-09-01	Sep-2018	OL840873	West Nile virus GR-Larissa/778h/2018	Orthoflavivirus nilense	GR-Larissa/778h/2018		Greece	2018	Sep-2018	Greece	Human	Human	
OL840874_GR-Pieria/198h/2019	Orthoflavivirus nilense	Greece	Europe	2019	2019-07-01	Jul-2019	OL840874	West Nile virus GR-Pieria/198h/2019	Orthoflavivirus nilense	GR-Pieria/198h/2019		Greece	2019	Jul-2019	Greece	Human	Human	
OL840875_GR-Xanthi/360h/2019	Orthoflavivirus nilense	Greece	Europe	2019	2019-08-01	Aug-2019	OL840875	West Nile virus GR-Xanthi/360h/2019	Orthoflavivirus nilense	GR-Xanthi/360h/2019		Greece	2019	Aug-2019	Greece	Human	Human	
OL840876_GR-Xanthi/424h/2019	Orthoflavivirus nilense	Greece	Europe	2019	2019-08-01	Aug-2019	OL840876	West Nile virus GR-Xanthi/424h/2019	Orthoflavivirus nilense	GR-Xanthi/424h/2019		Greece	2019	Aug-2019	Greece	Human	Human	
OL840877_GR-Evros/557h/2019	Orthoflavivirus nilense	Greece	Europe	2019	2019-08-01	Aug-2019	OL840877	West Nile virus GR-Evros/557h/2019	Orthoflavivirus nilense	GR-Evros/557h/2019		Greece	2019	Aug-2019	Greece	Human	Human	
OL840879_GR-Rodopi/621h/2019	Orthoflavivirus nilense	Greece	Europe	2019	2019-08-01	Aug-2019	OL840879	West Nile virus GR-Rodopi/621h/2019	Orthoflavivirus nilense	GR-Rodopi/621h/2019		Greece	2019	Aug-2019	Greece	Human	Human	
OL840878_GR-Pella/572h/2019	Orthoflavivirus nilense	Greece	Europe	2019	2019-08-01	Aug-2019	OL840878	West Nile virus GR-Pella/572h/2019	Orthoflavivirus nilense	GR-Pella/572h/2019		Greece	2019	Aug-2019	Greece	Human	Human	
OL840880_GR-Karditsa/201h/2020	Orthoflavivirus nilense	Greece	Europe	2020	2020-07-01	Jul-2020	OL840880	West Nile virus GR-Karditsa/201h/2020	Orthoflavivirus nilense	GR-Karditsa/201h/2020		Greece	2020	Jul-2020	Greece	Human	Human	
OL840881_GR-Serres/BDh/2020	Orthoflavivirus nilense	Greece	Europe	2020	2020-08-01	Aug-2020	OL840881	West Nile virus GR-Serres/BDh/2020	Orthoflavivirus nilense	GR-Serres/BDh/2020		Greece	2020	Aug-2020	Greece	Human	Human	
OL840882_GR-Pella/491h/2020	Orthoflavivirus nilense	Greece	Europe	2020	2020-09-01	Sep-2020	OL840882	West Nile virus GR-Pella/491h/2020	Orthoflavivirus nilense	GR-Pella/491h/2020		Greece	2020	Sep-2020	Greece	Human	Human	
OL840883_GR-Serres/C240m/2019	Orthoflavivirus nilense	Greece	Europe	2019	2019-07-01	Jul-2019	OL840883	West Nile virus GR-Serres/C240m/2019	Orthoflavivirus nilense	GR-Serres/C240m/2019		Greece	2019	Jul-2019	Greece			
OL840884_GR-Kilkis/C205m/2019	Orthoflavivirus nilense	Greece	Europe	2019	2019-07-01	Jul-2019	OL840884	West Nile virus GR-Kilkis/C205m/2019	Orthoflavivirus nilense	GR-Kilkis/C205m/2019		Greece	2019	Jul-2019	Greece			
OL840885_GR-Thessaloniki/C222m/2019	Orthoflavivirus nilense	Greece	Europe	2019	2019-08-01	Aug-2019	OL840885	West Nile virus GR-Thessaloniki/C222m/2019	Orthoflavivirus nilense	GR-Thessaloniki/C222m/2019		Greece	2019	Aug-2019	Greece			
OL840886_GR-Serres/M212m/2020	Orthoflavivirus nilense	Greece	Europe	2020	2020-08-01	Aug-2020	OL840886	West Nile virus GR-Serres/M212m/2020	Orthoflavivirus nilense	GR-Serres/M212m/2020		Greece	2020	Aug-2020	Greece			
OL840887_GR-Serres/M185m/2020	Orthoflavivirus nilense	Greece	Europe	2020	2020-07-01	Jul-2020	OL840887	West Nile virus GR-Serres/M185m/2020	Orthoflavivirus nilense	GR-Serres/M185m/2020		Greece	2020	Jul-2020	Greece			
OL840888_GR-Larissa/T23m/2020	Orthoflavivirus nilense	Greece	Europe	2020	2020-07-01	Jul-2020	OL840888	West Nile virus GR-Larissa/T23m/2020	Orthoflavivirus nilense	GR-Larissa/T23m/2020		Greece	2020	Jul-2020	Greece			
OL840889_GR-Kilkis/M207m/2020	Orthoflavivirus nilense	Greece	Europe	2020	2020-08-01	Aug-2020	OL840889	West Nile virus GR-Kilkis/M207m/2020	Orthoflavivirus nilense	GR-Kilkis/M207m/2020		Greece	2020	Aug-2020	Greece			
OL840890_GR-Serres/M215m/2020	Orthoflavivirus nilense	Greece	Europe	2020	2020-08-01	Aug-2020	OL840890	West Nile virus GR-Serres/M215m/2020	Orthoflavivirus nilense	GR-Serres/M215m/2020		Greece	2020	Aug-2020	Greece			
OL840891_GR-Serres/M221m/2020	Orthoflavivirus nilense	Greece	Europe	2020	2020-08-01	Aug-2020	OL840891	West Nile virus GR-Serres/M221m/2020	Orthoflavivirus nilense	GR-Serres/M221m/2020		Greece	2020	Aug-2020	Greece			
OL840892_GR-Serres/M234m/2020	Orthoflavivirus nilense	Greece	Europe	2020	2020-08-01	Aug-2020	OL840892	West Nile virus GR-Serres/M234m/2020	Orthoflavivirus nilense	GR-Serres/M234m/2020		Greece	2020	Aug-2020	Greece			
OL840893_GR-Serres/S1m/2020	Orthoflavivirus nilense	Greece	Europe	2020	2020-07-01	Jul-2020	OL840893	West Nile virus GR-Serres/S1m/2020	Orthoflavivirus nilense	GR-Serres/S1m/2020		Greece	2020	Jul-2020	Greece			
OL840894_GR-Thessaloniki/E361m/2021	Orthoflavivirus nilense	Greece	Europe	2021	2021-08-01	Aug-2021	OL840894	West Nile virus GR-Thessaloniki/E361m/2021	Orthoflavivirus nilense	GR-Thessaloniki/E361m/2021		Greece	2021	Aug-2021	Greece			
OL840895_GR-Pella/E376m/2021	Orthoflavivirus nilense	Greece	Europe	2021	2021-08-01	Aug-2021	OL840895	West Nile virus GR-Pella/E376m/2021	Orthoflavivirus nilense	GR-Pella/E376m/2021		Greece	2021	Aug-2021	Greece			
OL840896_GR-Serres/E411m/2021	Orthoflavivirus nilense	Greece	Europe	2021	2021-08-01	Aug-2021	OL840896	West Nile virus GR-Serres/E411m/2021	Orthoflavivirus nilense	GR-Serres/E411m/2021		Greece	2021	Aug-2021	Greece			
OL840897_GR-Imathia/E413m/2021	Orthoflavivirus nilense	Greece	Europe	2021	2021-08-01	Aug-2021	OL840897	West Nile virus GR-Imathia/E413m/2021	Orthoflavivirus nilense	GR-Imathia/E413m/2021		Greece	2021	Aug-2021	Greece			
OL840898_GR-Thessaloniki/E418m/2021	Orthoflavivirus nilense	Greece	Europe	2021	2021-08-01	Aug-2021	OL840898	West Nile virus GR-Thessaloniki/E418m/2021	Orthoflavivirus nilense	GR-Thessaloniki/E418m/2021		Greece	2021	Aug-2021	Greece			
OL840899_GR-Thessaloniki/E419m/2021	Orthoflavivirus nilense	Greece	Europe	2021	2021-08-01	Aug-2021	OL840899	West Nile virus GR-Thessaloniki/E419m/2021	Orthoflavivirus nilense	GR-Thessaloniki/E419m/2021		Greece	2021	Aug-2021	Greece			
OQ053515_GR-Pieria/670h/2022	Orthoflavivirus nilense	Greece	Europe	2022	2022-08-31	31-Aug-2022	OQ053515	West Nile virus GR-Pieria/670h/2022	Orthoflavivirus nilense	GR-Pieria/670h/2022		Greece	2022	31-Aug-2022	Greece	Human	Human	
OQ053516_GR-Larissa/792h/2022	Orthoflavivirus nilense	Greece	Europe	2022	2022-08-19	19-Aug-2022	OQ053516	West Nile virus GR-Larissa/792h/2022	Orthoflavivirus nilense	GR-Larissa/792h/2022		Greece	2022	19-Aug-2022	Greece	Human	Human	
OQ053517_GR-Thessaloniki/563m/2022	Orthoflavivirus nilense	Greece	Europe	2022	2022-08-16	16-Aug-2022	OQ053517	West Nile virus GR-Thessaloniki/563m/2022	Orthoflavivirus nilense	GR-Thessaloniki/563m/2022		Greece	2022	16-Aug-2022	Greece	Northern House Mosquito	Insect	
OQ053518_GR-Larissa/441m/2022	Orthoflavivirus nilense	Greece	Europe	2022	2022-07-26	26-Jul-2022	OQ053518	West Nile virus GR-Larissa/441m/2022	Orthoflavivirus nilense	GR-Larissa/441m/2022		Greece	2022	26-Jul-2022	Greece	Northern House Mosquito	Insect	
OQ053519_GR-Thessaloniki/312m/2022	Orthoflavivirus nilense	Greece	Europe	2022	2022-06-29	29-Jun-2022	OQ053519	West Nile virus GR-Thessaloniki/312m/2022	Orthoflavivirus nilense	GR-Thessaloniki/312m/2022		Greece	2022	29-Jun-2022	Greece	Northern House Mosquito	Insect	
OQ053520_GR-Pieria/670m/2022	Orthoflavivirus nilense	Greece	Europe	2022	2022-08-31	31-Aug-2022	OQ053520	West Nile virus GR-Pieria/670m/2022	Orthoflavivirus nilense	GR-Pieria/670m/2022		Greece	2022	31-Aug-2022	Greece	Northern House Mosquito	Insect	
OQ053521_GR-Thessaloniki/734m/2022	Orthoflavivirus nilense	Greece	Europe	2022	2022-09-07	07-Sep-2022	OQ053521	West Nile virus GR-Thessaloniki/734m/2022	Orthoflavivirus nilense	GR-Thessaloniki/734m/2022		Greece	2022	07-Sep-2022	Greece	Northern House Mosquito	Insect	
OQ053522_GR-Thessaloniki/581m/2022	Orthoflavivirus nilense	Greece	Europe	2022	2022-08-18	18-Aug-2022	OQ053522	West Nile virus GR-Thessaloniki/581m/2022	Orthoflavivirus nilense	GR-Thessaloniki/581m/2022		Greece	2022	18-Aug-2022	Greece	Northern House Mosquito	Insect	
OQ053523_GR-Thessaloniki/381m/2022	Orthoflavivirus nilense	Greece	Europe	2022	2022-07-13	13-Jul-2022	OQ053523	West Nile virus GR-Thessaloniki/381m/2022	Orthoflavivirus nilense	GR-Thessaloniki/381m/2022		Greece	2022	13-Jul-2022	Greece	Northern House Mosquito	Insect	
OQ053524_GR-Imathia/472m/2022	Orthoflavivirus nilense	Greece	Europe	2022	2022-07-29	29-Jul-2022	OQ053524	West Nile virus GR-Imathia/472m/2022	Orthoflavivirus nilense	GR-Imathia/472m/2022		Greece	2022	29-Jul-2022	Greece	Northern House Mosquito	Insect	
OQ053525_GR-Kilkis/482m/2022	Orthoflavivirus nilense	Greece	Europe	2022	2022-08-03	03-Aug-2022	OQ053525	West Nile virus GR-Kilkis/482m/2022	Orthoflavivirus nilense	GR-Kilkis/482m/2022		Greece	2022	03-Aug-2022	Greece	Northern House Mosquito	Insect	
OQ053526_GR-Serres/574m/2022	Orthoflavivirus nilense	Greece	Europe	2022	2022-08-18	18-Aug-2022	OQ053526	West Nile virus GR-Serres/574m/2022	Orthoflavivirus nilense	GR-Serres/574m/2022		Greece	2022	18-Aug-2022	Greece	Northern House Mosquito	Insect	
OQ053527_GR-Chalkidiki/591m/2022	Orthoflavivirus nilense	Greece	Europe	2022	2022-08-22	22-Aug-2022	OQ053527	West Nile virus GR-Chalkidiki/591m/2022	Orthoflavivirus nilense	GR-Chalkidiki/591m/2022		Greece	2022	22-Aug-2022	Greece	Northern House Mosquito	Insect	
OQ053528_GR-Pieria/668m/2022	Orthoflavivirus nilense	Greece	Europe	2022	2022-08-21	31-Aug-2022	OQ053528	West Nile virus GR-Pieria/668m/2022	Orthoflavivirus nilense	GR-Pieria/668m/2022		Greece	2022	31-Aug-2022	Greece	Northern House Mosquito	Insect	
OQ053529_GR-Pieria/646m/2022	Orthoflavivirus nilense	Greece	Europe	2022	2022-08-29	29-Aug-2022	OQ053529	West Nile virus GR-Pieria/646m/2022	Orthoflavivirus nilense	GR-Pieria/646m/2022		Greece	2022	29-Aug-2022	Greece	Northern House Mosquito	Insect	
OQ053530_GR-Imathia/554m/2022	Orthoflavivirus nilense	Greece	Europe	2022	2022-08-16	16-Aug-2022	OQ053530	West Nile virus GR-Imathia/554m/2022	Orthoflavivirus nilense	GR-Imathia/554m/2022		Greece	2022	16-Aug-2022	Greece	Northern House Mosquito	Insect	
OQ053531_GR-Pella/615m/2022	Orthoflavivirus nilense	Greece	Europe	2022	2022-08-24	24-Aug-2022	OQ053531	West Nile virus GR-Pella/615m/2022	Orthoflavivirus nilense	GR-Pella/615m/2022		Greece	2022	24-Aug-2022	Greece	Northern House Mosquito	Insect	
OQ053532_GR-Thessaloniki/364m/2022	Orthoflavivirus nilense	Greece	Europe	2022	2022-07-11	11-Jul-2022	OQ053532	West Nile virus GR-Thessaloniki/364m/2022	Orthoflavivirus nilense	GR-Thessaloniki/364m/2022		Greece	2022	11-Jul-2022	Greece	Northern House Mosquito	Insect	
OQ053533_GR-Imathia/611m/2022	Orthoflavivirus nilense	Greece	Europe	2022	2022-08-24	24-Aug-2022	OQ053533	West Nile virus GR-Imathia/611m/2022	Orthoflavivirus nilense	GR-Imathia/611m/2022		Greece	2022	24-Aug-2022	Greece	Northern House Mosquito	Insect	
OQ053534_GR-Larissa/671m/2022	Orthoflavivirus nilense	Greece	Europe	2022	2022-08-30	30-Aug-2022	OQ053534	West Nile virus GR-Larissa/671m/2022	Orthoflavivirus nilense	GR-Larissa/671m/2022		Greece	2022	30-Aug-2022	Greece	Northern House Mosquito	Insect	
OQ053535_GR-Thessaloniki/454m/2022	Orthoflavivirus nilense	Greece	Europe	2022	2022-07-27	27-Jul-2022	OQ053535	West Nile virus GR-Thessaloniki/454m/2022	Orthoflavivirus nilense	GR-Thessaloniki/454m/2022		Greece	2022	27-Jul-2022	Greece	Northern House Mosquito	Insect	
OQ053536_GR-Serres/503m/2022	Orthoflavivirus nilense	Greece	Europe	2022	2022-08-08	08-Aug-2022	OQ053536	West Nile virus GR-Serres/503m/2022	Orthoflavivirus nilense	GR-Serres/503m/2022		Greece	2022	08-Aug-2022	Greece	Northern House Mosquito	Insect	
OQ053537_GR-Imathia/459m/2022	Orthoflavivirus nilense	Greece	Europe	2022	2022-07-28	28-Jul-2022	OQ053537	West Nile virus GR-Imathia/459m/2022	Orthoflavivirus nilense	GR-Imathia/459m/2022		Greece	2022	28-Jul-2022	Greece	Northern House Mosquito	Insect	
OQ053538_GR-Imathia/535m/2022	Orthoflavivirus nilense	Greece	Europe	2022	2022-08-10	10-Aug-2022	OQ053538	West Nile virus GR-Imathia/535m/2022	Orthoflavivirus nilense	GR-Imathia/535m/2022		Greece	2022	10-Aug-2022	Greece	Northern House Mosquito	Insect	
OQ053539_GR-Pieria/401m/2022	Orthoflavivirus nilense	Greece	Europe	2022	2022-07-18	18-Jul-2022	OQ053539	West Nile virus GR-Pieria/401m/2022	Orthoflavivirus nilense	GR-Pieria/401m/2022		Greece	2022	18-Jul-2022	Greece	Northern House Mosquito	Insect	
KF179639_Greece/2012/Kavala/39.1	Orthoflavivirus nilense	Greece	Europe	2012	2012-09-01	2012-09	KF179639	West Nile virus Greece/2012/Kavala/39.1	Orthoflavivirus nilense	Greece/2012/Kavala/39.1	urine from 72 year old female	Greece	2012	2012-09	Greece: Kavala prefecture	Human	Human	
KJ883343_Greece/2013/Xanthi_1	Orthoflavivirus nilense	Greece	Europe	2013	2013-01-01	2013	KJ883343	West Nile virus Greece/2013/Xanthi_1	Orthoflavivirus nilense	Greece/2013/Xanthi_1	urine	Greece	2013	2013	Greece	Human	Human	
KJ883345_Greece/2013/Xanthi_3	Orthoflavivirus nilense	Greece	Europe	2013	2013-01-01	2013	KJ883345	West Nile virus Greece/2013/Xanthi_3	Orthoflavivirus nilense	Greece/2013/Xanthi_3	urine	Greece	2013	2013	Greece	Human	Human	
KJ883346_Greece/2013/Thessaloniki_4	Orthoflavivirus nilense	Greece	Europe	2013	2013-01-01	2013	KJ883346	West Nile virus Greece/2013/Thessaloniki_4	Orthoflavivirus nilense	Greece/2013/Thessaloniki_4	urine	Greece	2013	2013	Greece	Human	Human	
KJ883348_Greece/2013/Kavala_2	Orthoflavivirus nilense	Greece	Europe	2013	2013-01-01	2013	KJ883348	West Nile virus Greece/2013/Kavala_2	Orthoflavivirus nilense	Greece/2013/Kavala_2	urine	Greece	2013	2013	Greece	Human	Human	
KJ883349_Greece/2013/Xanthi_5	Orthoflavivirus nilense	Greece	Europe	2013	2013-01-01	2013	KJ883349	West Nile virus Greece/2013/Xanthi_5	Orthoflavivirus nilense	Greece/2013/Xanthi_5	urine	Greece	2013	2013	Greece	Human	Human	
KJ883350_Greece/2013/Thessaloniki_3	Orthoflavivirus nilense	Greece	Europe	2013	2013-01-01	2013	KJ883350	West Nile virus Greece/2013/Thessaloniki_3	Orthoflavivirus nilense	Greece/2013/Thessaloniki_3	urine	Greece	2013	2013	Greece	Human	Human	
KT359349_2014/hun	Orthoflavivirus nilense	Hungary	Europe	2014	2014-01-01	2014	KT359349	West Nile virus 2014/hun	Orthoflavivirus nilense	2014/hun	urine	Hungary	2014	2014	Hungary	Human	Human	
KC496015_578/10	Orthoflavivirus nilense	Hungary	Europe	2010	2010-01-01	2010	KC496015	West Nile virus 578/10	Orthoflavivirus nilense	578/10		Hungary	2010	2010	Hungary	Horse	Nonhuman Mammal	
MZ605382_Heja	Orthoflavivirus nilense	Hungary	Europe	2004	2004-01-01	2004	MZ605382	West Nile virus Heja	Orthoflavivirus nilense	Heja		Hungary	2004	2004	Hungary	Goshawk	Avian	
OK239658_3731_WNV_HUN2018	Orthoflavivirus nilense	Hungary	Europe	2018	2018-01-01	2018	OK239658	West Nile virus strain 3731_WNV_HUN2018	Orthoflavivirus nilense	3731_WNV_HUN2018	cell supernatant	Hungary	2018	2018	Hungary: Hajduszoboszlo			
OK239663_4599_WNV_HUN2019	Orthoflavivirus nilense	Hungary	Europe	2018	2018-01-01	2018	OK239663	West Nile virus strain 4599_WNV_HUN2019	Orthoflavivirus nilense	4599_WNV_HUN2019	urine	Hungary	2018	2018	Hungary: Nyiregyhaza			
OK239662_4566_WNV_HUN2018	Orthoflavivirus nilense	Hungary	Europe	2018	2018-01-01	2018	OK239662	West Nile virus strain 4566_WNV_HUN2018	Orthoflavivirus nilense	4566_WNV_HUN2018	urine	Hungary	2018	2018	Hungary: Kiskunhalas			
OK239664_4619_WNV_HUN2018	Orthoflavivirus nilense	Hungary	Europe	2018	2018-01-01	2018	OK239664	West Nile virus strain 4619_WNV_HUN2018	Orthoflavivirus nilense	4619_WNV_HUN2018	cell supernatant	Hungary	2018	2018	Hungary: Dunaujvaros			
OK239660_4114_WNV_HUN2018	Orthoflavivirus nilense	Hungary	Europe	2018	2018-01-01	2018	OK239660	West Nile virus strain 4114_WNV_HUN2018	Orthoflavivirus nilense	4114_WNV_HUN2018	cell supernatant	Hungary	2018	2018	Hungary: Budapest			
OK239659_3970_WNV_HUN2018	Orthoflavivirus nilense	Hungary	Europe	2018	2018-01-01	2018	OK239659	West Nile virus strain 3970_WNV_HUN2018	Orthoflavivirus nilense	3970_WNV_HUN2018	cell supernatant	Hungary	2018	2018	Hungary: Kecskemet			
OK239665_4656_WNV_HUN2018	Orthoflavivirus nilense	Hungary	Europe	2018	2018-01-01	2018	OK239665	West Nile virus strain 4656_WNV_HUN2018	Orthoflavivirus nilense	4656_WNV_HUN2018	urine	Hungary	2018	2018	Hungary: Debrecen			
OK239661_4313_WNV_HUN2018	Orthoflavivirus nilense	Hungary	Europe	2018	2018-01-01	2018	OK239661	West Nile virus strain 4313_WNV_HUN2018	Orthoflavivirus nilense	4313_WNV_HUN2018	cell supernatant	Hungary	2018	2018	Hungary: Oroshaza			
OK239672_5981_WNV_HUN2018	Orthoflavivirus nilense	Hungary	Europe	2018	2018-01-01	2018	OK239672	West Nile virus strain 5981_WNV_HUN2018	Orthoflavivirus nilense	5981_WNV_HUN2018	blood	Hungary	2018	2018	Hungary: Tiszaluc			
OK239671_5777_WNV_HUN2018	Orthoflavivirus nilense	Hungary	Europe	2018	2018-01-01	2018	OK239671	West Nile virus strain 5777_WNV_HUN2018	Orthoflavivirus nilense	5777_WNV_HUN2018	urine	Hungary	2018	2018	Hungary: Ujtelek			
OK239669_5204_WNV_HUN2017	Orthoflavivirus nilense	Hungary	Europe	2017	2017-01-01	2017	OK239669	West Nile virus strain 5204_WNV_HUN2017	Orthoflavivirus nilense	5204_WNV_HUN2017	cell supernatant	Hungary	2017	2017	Hungary: Jaszkiser			
OK239666_4677_WNV_HUN2018	Orthoflavivirus nilense	Hungary	Europe	2018	2018-01-01	2018	OK239666	West Nile virus strain 4677_WNV_HUN2018	Orthoflavivirus nilense	4677_WNV_HUN2018	urine	Hungary	2018	2018	Hungary: Bekescsaba			
OK239668_5132_WNV_HUN2018	Orthoflavivirus nilense	Hungary	Europe	2018	2018-01-01	2018	OK239668	West Nile virus strain 5132_WNV_HUN2018	Orthoflavivirus nilense	5132_WNV_HUN2018	urine	Hungary	2018	2018	Hungary: Jaszbereny			
OK239670_4637_WNV_HUN2018	Orthoflavivirus nilense	Hungary	Europe	2018	2018-01-01	2018	OK239670	West Nile virus strain 4637_WNV_HUN2018	Orthoflavivirus nilense	4637_WNV_HUN2018	cell supernatant	Hungary	2018	2018	Hungary: Hajduszoboszlo			
OP179287_HUN_WNV2324_2021	Orthoflavivirus nilense	Hungary	Europe	2021	2022-08-01	Aug-2021	OP179287	West Nile virus HUN_WNV2324_2021	Orthoflavivirus nilense	HUN_WNV2324_2021	urine	Hungary	2021	Aug-2021	Hungary	Human	Human	
OP179288_HUN_WNV2947_2021	Orthoflavivirus nilense	Hungary	Europe	2021	2021-08-01	Aug-2021	OP179288	West Nile virus HUN_WNV2947_2021	Orthoflavivirus nilense	HUN_WNV2947_2021	urine	Hungary	2021	Aug-2021	Hungary	Human	Human	
PP212878_3717_2023_WNV_HU	Orthoflavivirus nilense	Hungary	Europe	2023	2023-01-01	2023	PP212878	West Nile virus 3717_2023_WNV_HU	Orthoflavivirus nilense	3717_2023_WNV_HU	urine	Hungary	2023	2023	Hungary: Balkany	Human	Human	
PP212881_4106_2023_WNV_HU	Orthoflavivirus nilense	Hungary	Europe	2023	2023-01-01	2023	PP212881	West Nile virus 4106_2023_WNV_HU	Orthoflavivirus nilense	4106_2023_WNV_HU	urine	Hungary	2023	2023	Hungary: Szeged	Human	Human	
PP212879_3919_2023_WNV_HU	Orthoflavivirus nilense	Hungary	Europe	2023	2023-01-01	2023	PP212879	West Nile virus 3919_2023_WNV_HU	Orthoflavivirus nilense	3919_2023_WNV_HU	urine	Hungary	2023	2023	Hungary: Budapest	Human	Human	
PP212880_4429_2023_WNV_HU	Orthoflavivirus nilense	Hungary	Europe	2023	2023-01-01	2023	PP212880	West Nile virus 4429_2023_WNV_HU	Orthoflavivirus nilense	4429_2023_WNV_HU	urine	Hungary	2023	2023	Hungary: Zakanyszek	Human	Human	
PP212883_5903_2023_WNV_HU	Orthoflavivirus nilense	Hungary	Europe	2023	2023-01-01	2023	PP212883	West Nile virus 5903_2023_WNV_HU	Orthoflavivirus nilense	5903_2023_WNV_HU	urine	Hungary	2023	2023	Hungary: Algyo	Human	Human	
PP212882_5226_2023_WNV_HU	Orthoflavivirus nilense	Hungary	Europe	2023	2023-01-01	2023	PP212882	West Nile virus 5226_2023_WNV_HU	Orthoflavivirus nilense	5226_2023_WNV_HU	urine	Hungary	2023	2023	Hungary: Budapest	Human	Human	
JQ928174_Italy/2011/Livenza	Orthoflavivirus nilense	Italy	Europe	2011	2011-09-01	2011-09	JQ928174	West Nile virus Italy/2011/Livenza	Orthoflavivirus nilense	Italy/2011/Livenza	plasma from blood donor	Italy	2011	2011-09	Italy: Veneto region	 Treviso	Human	Human
JQ928175_Italy/2011/Piave	Orthoflavivirus nilense	Italy	Europe	2011	2011-09-01	2011-09	JQ928175	West Nile virus Italy/2011/Piave	Orthoflavivirus nilense	Italy/2011/Piave	urine from infected transplant recipient	Italy	2011	2011-09	Italy: Veneto region	 Treviso	Human	Human
KT207791_792/14	Orthoflavivirus nilense	Italy	Europe	2014	2014-07-15	2014-07-15	KT207791	West Nile virus 792/14	Orthoflavivirus nilense	792/14		Italy	2014	2014-07-15	Italy	Mosquito	Insect	
KT207792_1270/14	Orthoflavivirus nilense	Italy	Europe	2014	2014-08-18	2014-08-18	KT207792	West Nile virus 1270/14	Orthoflavivirus nilense	1270/14		Italy	2014	2014-08-18	Italy	Mosquito	Insect	
KP789953_Italy/2014/Pavia1	Orthoflavivirus nilense	Italy	Europe	2014	2014-01-01	2014	KP789953	West Nile virus Italy/2014/Pavia1	Orthoflavivirus nilense	Italy/2014/Pavia1		Italy	2014	2014	Italy	Human	Human	
KP789954_Italy/2014/Cremona2	Orthoflavivirus nilense	Italy	Europe	2014	2014-01-01	2014	KP789954	West Nile virus Italy/2014/Cremona2	Orthoflavivirus nilense	Italy/2014/Cremona2		Italy	2014	2014	Italy	Human	Human	
KP789955_Italy/2014/Verona/35.1	Orthoflavivirus nilense	Italy	Europe	2014	2014-01-01	2014	KP789955	West Nile virus Italy/2014/Verona/35.1	Orthoflavivirus nilense	Italy/2014/Verona/35.1	urine	Italy	2014	2014	Italy	Human	Human	
KP789956_Italy/2014/Verona/35.2	Orthoflavivirus nilense	Italy	Europe	2014	2014-01-01	2014	KP789956	West Nile virus Italy/2014/Verona/35.2	Orthoflavivirus nilense	Italy/2014/Verona/35.2	urine	Italy	2014	2014	Italy	Human	Human	
KP789957_Italy/2014/Cremona4	Orthoflavivirus nilense	Italy	Europe	2014	2014-01-01	2014	KP789957	West Nile virus Italy/2014/Cremona4	Orthoflavivirus nilense	Italy/2014/Cremona4		Italy	2014	2014	Italy	Human	Human	
KP789958_Italy/2014/Pavia5	Orthoflavivirus nilense	Italy	Europe	2014	2014-01-01	2014	KP789958	West Nile virus Italy/2014/Pavia5	Orthoflavivirus nilense	Italy/2014/Pavia5		Italy	2014	2014	Italy	Human	Human	
KP789959_Italy/2014/Pavia4	Orthoflavivirus nilense	Italy	Europe	2014	2014-01-01	2014	KP789959	West Nile virus Italy/2014/Pavia4	Orthoflavivirus nilense	Italy/2014/Pavia4		Italy	2014	2014	Italy	Human	Human	
KP789960_Italy/2013/Mantova/36.1	Orthoflavivirus nilense	Italy	Europe	2013	2013-01-01	2013	KP789960	West Nile virus Italy/2013/Mantova/36.1	Orthoflavivirus nilense	Italy/2013/Mantova/36.1	urine	Italy	2013	2013	Italy	Human	Human	
KF823805_Italy/2013/Rovigo/35.2	Orthoflavivirus nilense	Italy	Europe	2013	2013-08-01	2013-08	KF823805	West Nile virus Italy/2013/Rovigo/35.2	Orthoflavivirus nilense	Italy/2013/Rovigo/35.2	urine	Italy	2013	2013-08	Italy: Veneto region	 Rovigo	Human	Human
JX556213_Italy/2012/Livenza/31.1	Orthoflavivirus nilense	Italy	Europe	2012	2012-08-03	2012-08-03	JX556213	West Nile virus Italy/2012/Livenza/31.1	Orthoflavivirus nilense	Italy/2012/Livenza/31.1	cultured viral isolate from blood donor	Italy	2012	2012-08-03	Italy: Veneto region	 Venice province	Human	Human
KF647253_Italy/2013/Livenza/35.1	Orthoflavivirus nilense	Italy	Europe	2013	2013-08-01	2013-08	KF647253	West Nile virus Italy/2013/Livenza/35.1	Orthoflavivirus nilense	Italy/2013/Livenza/35.1	plasma	Italy	2013	2013-08	Italy: Veneto region	 Rovigo	Human	Human
KF647252_Italy/2013/Rovigo/35.1	Orthoflavivirus nilense	Italy	Europe	2013	2013-08-01	2013-08	KF647252	West Nile virus Italy/2013/Rovigo/35.1	Orthoflavivirus nilense	Italy/2013/Rovigo/35.1	urine	Italy	2013	2013-08	Italy: Veneto region	 Rovigo	Human	Human
KF647249_Italy/2013/Rovigo/33.2	Orthoflavivirus nilense	Italy	Europe	2013	2013-08-01	2013-08	KF647249	West Nile virus Italy/2013/Rovigo/33.2	Orthoflavivirus nilense	Italy/2013/Rovigo/33.2	urine	Italy	2013	2013-08	Italy: Veneto region	 Rovigo	Human	Human
KF647248_Italy/2013/Rovigo/34.1	Orthoflavivirus nilense	Italy	Europe	2013	2013-08-01	2013-08	KF647248	West Nile virus Italy/2013/Rovigo/34.1	Orthoflavivirus nilense	Italy/2013/Rovigo/34.1	plasma	Italy	2013	2013-08	Italy: Veneto region	 Rovigo	Human	Human
KF588365_Italy/2013/Rovigo/32.1	Orthoflavivirus nilense	Italy	Europe	2013	2013-08-01	2013-08	KF588365	West Nile virus Italy/2013/Rovigo/32.1	Orthoflavivirus nilense	Italy/2013/Rovigo/32.1	urine	Italy	2013	2013-08	Italy: Veneto region	 Rovigo	Human	Human
FJ483549_15803	Orthoflavivirus nilense	Italy	Europe	2008	2008-01-01	2008	FJ483549	West Nile virus 15803	Orthoflavivirus nilense	15803	magpie	Italy	2008	2008	Italy			
MN939564_Italy/2016/Rovigo/32.1	Orthoflavivirus nilense	Italy	Europe	2016	2016-01-01	2016	MN939564	West Nile virus Italy/2016/Rovigo/32.1	Orthoflavivirus nilense	Italy/2016/Rovigo/32.1		Italy	2016	2016	Italy	Human	Human	
MN939563_Italy/2018/Verona/38.1	Orthoflavivirus nilense	Italy	Europe	2018	2018-01-01	2018	MN939563	West Nile virus Italy/2018/Verona/38.1	Orthoflavivirus nilense	Italy/2018/Verona/38.1		Italy	2018	2018	Italy	Human	Human	
MN939562_Italy/2018/Treviso/35.1	Orthoflavivirus nilense	Italy	Europe	2018	2018-01-01	2018	MN939562	West Nile virus Italy/2018/Treviso/35.1	Orthoflavivirus nilense	Italy/2018/Treviso/35.1		Italy	2018	2018	Italy	Human	Human	
MN939561_Italy/2018/Venice/33.1	Orthoflavivirus nilense	Italy	Europe	2018	2018-01-01	2018	MN939561	West Nile virus Italy/2018/Venice/33.1	Orthoflavivirus nilense	Italy/2018/Venice/33.1		Italy	2018	2018	Italy	Human	Human	
MN939560_Italy/2016/Vicenza/36.1	Orthoflavivirus nilense	Italy	Europe	2016	2016-01-01	2016	MN939560	West Nile virus Italy/2016/Vicenza/36.1	Orthoflavivirus nilense	Italy/2016/Vicenza/36.1		Italy	2016	2016	Italy	Human	Human	
MN939559_Italy/2016/Rovigo/34.1	Orthoflavivirus nilense	Italy	Europe	2016	2016-01-01	2016	MN939559	West Nile virus Italy/2016/Rovigo/34.1	Orthoflavivirus nilense	Italy/2016/Rovigo/34.1		Italy	2016	2016	Italy	Human	Human	
MN939558_Italy/2016/Rovigo/32.2	Orthoflavivirus nilense	Italy	Europe	2016	2016-01-01	2016	MN939558	West Nile virus Italy/2016/Rovigo/32.2	Orthoflavivirus nilense	Italy/2016/Rovigo/32.2		Italy	2016	2016	Italy	Human	Human	
MN939557_Italy/2018/Rovigo/29.1	Orthoflavivirus nilense	Italy	Europe	2018	2018-01-01	2018	MN939557	West Nile virus Italy/2018/Rovigo/29.1	Orthoflavivirus nilense	Italy/2018/Rovigo/29.1		Italy	2018	2018	Italy	Human	Human	
OP009524_Italy/2021/Padova/21RS2511-1	Orthoflavivirus nilense	Italy	Europe	2021	2021-08-16	16-Aug-2021	OP009524	West Nile virus Italy/2021/Padova/21RS2511-1	Orthoflavivirus nilense	Italy/2021/Padova/21RS2511-1		Italy	2021	16-Aug-2021	Italy	Northern House Mosquito	Insect	
OP009523_Italy/2021/Padova/21RS2511-2	Orthoflavivirus nilense	Italy	Europe	2021	2021-08-16	16-Aug-2021	OP009523	West Nile virus Italy/2021/Padova/21RS2511-2	Orthoflavivirus nilense	Italy/2021/Padova/21RS2511-2		Italy	2021	16-Aug-2021	Italy	Northern House Mosquito	Insect	
OP009522_Italy/2021/Padova/21RS2511-3	Orthoflavivirus nilense	Italy	Europe	2021	2021-08-16	16-Aug-2021	OP009522	West Nile virus Italy/2021/Padova/21RS2511-3	Orthoflavivirus nilense	Italy/2021/Padova/21RS2511-3		Italy	2021	16-Aug-2021	Italy	Northern House Mosquito	Insect	
OP009525_Italy/2022/Venezia/22RS1198	Orthoflavivirus nilense	Italy	Europe	2022	2022-06-21	21-Jun-2022	OP009525	West Nile virus Italy/2022/Venezia/22RS1198	Orthoflavivirus nilense	Italy/2022/Venezia/22RS1198		Italy	2022	21-Jun-2022	Italy	Northern House Mosquito	Insect	
OP009520_Italy/2021/Padova/21VIR8435-2	Orthoflavivirus nilense	Italy	Europe	2021	2021-01-01	2021	OP009520	West Nile virus Italy/2021/Padova/21VIR8435-2	Orthoflavivirus nilense	Italy/2021/Padova/21VIR8435-2		Italy	2021	2021	Italy			
OP009521_Italy/2021/Padova/21RS2511-4	Orthoflavivirus nilense	Italy	Europe	2021	2021-08-23	23-Aug-2021	OP009521	West Nile virus Italy/2021/Padova/21RS2511-4	Orthoflavivirus nilense	Italy/2021/Padova/21RS2511-4		Italy	2021	23-Aug-2021	Italy	Northern House Mosquito	Insect	
GU011992_Ita09	Orthoflavivirus nilense	Italy	Europe	2009	2009-01-01	2009	GU011992	West Nile virus Ita09	Orthoflavivirus nilense	Ita09	blood donor	Italy	2009	2009	Italy	Human	Human	
OP609790_Italy/2022/Padova/22RS1342-1	Orthoflavivirus nilense	Italy	Europe	2022	2022-07-04	04-Jul-2022	OP609790	West Nile virus Italy/2022/Padova/22RS1342-1	Orthoflavivirus nilense	Italy/2022/Padova/22RS1342-1		Italy	2022	04-Jul-2022	Italy	Human	Human	
OP609791_Italy/2022/Padova/22RS1738-1	Orthoflavivirus nilense	Italy	Europe	2022	2022-01-01	2022	OP609791	West Nile virus Italy/2022/Padova/22RS1738-1	Orthoflavivirus nilense	Italy/2022/Padova/22RS1738-1		Italy	2022	2022	Italy	Human	Human	
OP609792_Italy/2022/Padova/22RS1738-2	Orthoflavivirus nilense	Italy	Europe	2022	2022-01-01	2022	OP609792	West Nile virus Italy/2022/Padova/22RS1738-2	Orthoflavivirus nilense	Italy/2022/Padova/22RS1738-2		Italy	2022	2022	Italy	Human	Human	
OP609794_Italy/2022/Vicenza/22RS1738-6	Orthoflavivirus nilense	Italy	Europe	2022	2022-01-01	2022	OP609794	West Nile virus Italy/2022/Vicenza/22RS1738-6	Orthoflavivirus nilense	Italy/2022/Vicenza/22RS1738-6		Italy	2022	2022	Italy	Human	Human	
OP609793_Italy/2022/Verona/22RS1738-4	Orthoflavivirus nilense	Italy	Europe	2022	2022-01-01	2022	OP609793	West Nile virus Italy/2022/Verona/22RS1738-4	Orthoflavivirus nilense	Italy/2022/Verona/22RS1738-4		Italy	2022	2022	Italy	Human	Human	
OP609795_Italy/2022/Padova/22RS1738-7	Orthoflavivirus nilense	Italy	Europe	2022	2022-01-01	2022	OP609795	West Nile virus Italy/2022/Padova/22RS1738-7	Orthoflavivirus nilense	Italy/2022/Padova/22RS1738-7		Italy	2022	2022	Italy	Human	Human	
OP609796_Italy/2022/Rovigo/22RS1738-8	Orthoflavivirus nilense	Italy	Europe	2022	2022-01-01	2022	OP609796	West Nile virus Italy/2022/Rovigo/22RS1738-8	Orthoflavivirus nilense	Italy/2022/Rovigo/22RS1738-8		Italy	2022	2022	Italy	Human	Human	
OP609797_Italy/2022/Rovigo/22RS1738-11	Orthoflavivirus nilense	Italy	Europe	2022	2022-01-01	2022	OP609797	West Nile virus Italy/2022/Rovigo/22RS1738-11	Orthoflavivirus nilense	Italy/2022/Rovigo/22RS1738-11		Italy	2022	2022	Italy	Human	Human	
OP609799_Italy/2022/Rovigo/22VIR7355	Orthoflavivirus nilense	Italy	Europe	2022	2022-07-01	01-Jul-2022	OP609799	West Nile virus Italy/2022/Rovigo/22VIR7355	Orthoflavivirus nilense	Italy/2022/Rovigo/22VIR7355		Italy	2022	01-Jul-2022	Italy	Gull	Avian	
OP609798_Italy/2022/Padova/22RS1738-23	Orthoflavivirus nilense	Italy	Europe	2022	2022-01-01	2022	OP609798	West Nile virus Italy/2022/Padova/22RS1738-23	Orthoflavivirus nilense	Italy/2022/Padova/22RS1738-23		Italy	2022	2022	Italy	Human	Human	
OP609800_Italy/2022/Rovigo/22VIR7340	Orthoflavivirus nilense	Italy	Europe	2022	2022-07-04	04-Jul-2022	OP609800	West Nile virus Italy/2022/Rovigo/22VIR7340	Orthoflavivirus nilense	Italy/2022/Rovigo/22VIR7340		Italy	2022	04-Jul-2022	Italy	Sparrow	Avian	
OP609802_Italy/2022/Rovigo/22VIR7419	Orthoflavivirus nilense	Italy	Europe	2022	2022-07-12	12-Jul-2022	OP609802	West Nile virus Italy/2022/Rovigo/22VIR7419	Orthoflavivirus nilense	Italy/2022/Rovigo/22VIR7419		Italy	2022	12-Jul-2022	Italy	Owl	Avian	
OP609801_Italy/2022/Padova/22VIR7373	Orthoflavivirus nilense	Italy	Europe	2022	2022-07-08	08-Jul-2022	OP609801	West Nile virus Italy/2022/Padova/22VIR7373	Orthoflavivirus nilense	Italy/2022/Padova/22VIR7373		Italy	2022	08-Jul-2022	Italy	Blackbird	Avian	
OP609803_Italy/2022/Padova/22VIR7398	Orthoflavivirus nilense	Italy	Europe	2022	2022-07-14	14-Jul-2022	OP609803	West Nile virus Italy/2022/Padova/22VIR7398	Orthoflavivirus nilense	Italy/2022/Padova/22VIR7398		Italy	2022	14-Jul-2022	Italy			
OP609805_Italy/2022/Padova/22VIR7600	Orthoflavivirus nilense	Italy	Europe	2022	2022-07-20	20-Jul-2022	OP609805	West Nile virus Italy/2022/Padova/22VIR7600	Orthoflavivirus nilense	Italy/2022/Padova/22VIR7600		Italy	2022	20-Jul-2022	Italy			
OP609804_Italy/2022/Rovigo/22VIR7399	Orthoflavivirus nilense	Italy	Europe	2022	2022-07-20	20-Jul-2022	OP609804	West Nile virus Italy/2022/Rovigo/22VIR7399	Orthoflavivirus nilense	Italy/2022/Rovigo/22VIR7399		Italy	2022	20-Jul-2022	Italy			
OP609806_Italy/2022/Padova/22VIR7609	Orthoflavivirus nilense	Italy	Europe	2022	2022-07-29	29-Jul-2022	OP609806	West Nile virus Italy/2022/Padova/22VIR7609	Orthoflavivirus nilense	Italy/2022/Padova/22VIR7609		Italy	2022	29-Jul-2022	Italy	Little Egret	Avian	
OP609807_Italy/2022/Vicenza/22VIR7688	Orthoflavivirus nilense	Italy	Europe	2022	2022-07-29	29-Jul-2022	OP609807	West Nile virus Italy/2022/Vicenza/22VIR7688	Orthoflavivirus nilense	Italy/2022/Vicenza/22VIR7688		Italy	2022	29-Jul-2022	Italy			
OP609809_Italy/2022/Padova/22VIR7607	Orthoflavivirus nilense	Italy	Europe	2022	2022-08-03	03-Aug-2022	OP609809	West Nile virus Italy/2022/Padova/22VIR7607	Orthoflavivirus nilense	Italy/2022/Padova/22VIR7607		Italy	2022	03-Aug-2022	Italy			
OP609808_Italy/2022/Rovigo/22VIR6574	Orthoflavivirus nilense	Italy	Europe	2022	2022-07-29	29-Jul-2022	OP609808	West Nile virus Italy/2022/Rovigo/22VIR6574	Orthoflavivirus nilense	Italy/2022/Rovigo/22VIR6574		Italy	2022	29-Jul-2022	Italy			
OP609811_Italy/2022/Padova/22VIR7505-9	Orthoflavivirus nilense	Italy	Europe	2022	2022-08-04	04-Aug-2022	OP609811	West Nile virus Italy/2022/Padova/22VIR7505-9	Orthoflavivirus nilense	Italy/2022/Padova/22VIR7505-9		Italy	2022	04-Aug-2022	Italy	Horse	Nonhuman Mammal	
OP609812_Italy/2022/Vicenza/22VIR7679	Orthoflavivirus nilense	Italy	Europe	2022	2022-08-07	07-Aug-2022	OP609812	West Nile virus Italy/2022/Vicenza/22VIR7679	Orthoflavivirus nilense	Italy/2022/Vicenza/22VIR7679		Italy	2022	07-Aug-2022	Italy			
OP609810_Italy/2022/Rovigo/22RS1560	Orthoflavivirus nilense	Italy	Europe	2022	2022-08-04	04-Aug-2022	OP609810	West Nile virus Italy/2022/Rovigo/22RS1560	Orthoflavivirus nilense	Italy/2022/Rovigo/22RS1560		Italy	2022	04-Aug-2022	Italy	Northern House Mosquito	Insect	
OP609813_Italy/2022/Padova/22RS1599	Orthoflavivirus nilense	Italy	Europe	2022	2022-08-09	09-Aug-2022	OP609813	West Nile virus Italy/2022/Padova/22RS1599	Orthoflavivirus nilense	Italy/2022/Padova/22RS1599		Italy	2022	09-Aug-2022	Italy	Northern House Mosquito	Insect	
OP609815_Italy/2022/Padova/22VIR8273-3	Orthoflavivirus nilense	Italy	Europe	2022	2022-08-17	17-Aug-2022	OP609815	West Nile virus Italy/2022/Padova/22VIR8273-3	Orthoflavivirus nilense	Italy/2022/Padova/22VIR8273-3		Italy	2022	17-Aug-2022	Italy			
OP609814_Italy/2022/Rovigo/22RS1702	Orthoflavivirus nilense	Italy	Europe	2022	2022-08-11	11-Aug-2022	OP609814	West Nile virus Italy/2022/Rovigo/22RS1702	Orthoflavivirus nilense	Italy/2022/Rovigo/22RS1702		Italy	2022	11-Aug-2022	Italy	Northern House Mosquito	Insect	
OP734238_2022.TE.44233.2.6	Orthoflavivirus nilense	Italy	Europe	2022	2022-08-10	10-Aug-2022	OP734238	West Nile virus 2022.TE.44233.2.6	Orthoflavivirus nilense	2022.TE.44233.2.6		Italy	2022	10-Aug-2022	Italy: Emilia Romagna			
OP734239_2022.TE.44233.2.11	Orthoflavivirus nilense	Italy	Europe	2022	2022-08-10	10-Aug-2022	OP734239	West Nile virus 2022.TE.44233.2.11	Orthoflavivirus nilense	2022.TE.44233.2.11		Italy	2022	10-Aug-2022	Italy: Emilia Romagna			
OP734240_2022.TE.44233.2.24	Orthoflavivirus nilense	Italy	Europe	2022	2022-08-18	18-Aug-2022	OP734240	West Nile virus 2022.TE.44233.2.24	Orthoflavivirus nilense	2022.TE.44233.2.24		Italy	2022	18-Aug-2022	Italy: Piemonte	Northern House Mosquito	Insect	
OP734241_2022.TE.44233.2.29	Orthoflavivirus nilense	Italy	Europe	2022	2022-08-25	25-Aug-2022	OP734241	West Nile virus 2022.TE.44233.2.29	Orthoflavivirus nilense	2022.TE.44233.2.29		Italy	2022	25-Aug-2022	Italy: Piemonte	Northern House Mosquito	Insect	
OP734242_2022.TE.45323.2.17	Orthoflavivirus nilense	Italy	Europe	2022	2022-08-31	31-Aug-2022	OP734242	West Nile virus 2022.TE.45323.2.17	Orthoflavivirus nilense	2022.TE.45323.2.17		Italy	2022	31-Aug-2022	Italy: Emilia Romagna	Owl	Avian	
OP734243_2022.TE.45323.2.21	Orthoflavivirus nilense	Italy	Europe	2022	2022-09-02	02-Sep-2022	OP734243	West Nile virus 2022.TE.45323.2.21	Orthoflavivirus nilense	2022.TE.45323.2.21		Italy	2022	02-Sep-2022	Italy: Emilia Romagna	Northern House Mosquito	Insect	
OP734244_2022.TE.45323.2.33	Orthoflavivirus nilense	Italy	Europe	2022	2022-09-09	09-Sep-2022	OP734244	West Nile virus 2022.TE.45323.2.33	Orthoflavivirus nilense	2022.TE.45323.2.33		Italy	2022	09-Sep-2022	Italy: Veneto	Sparrow	Avian	
OQ689696_NRG1426	Orthoflavivirus nilense	Italy	Europe	2022	2022-10-21	21-Oct-2022	OQ689696	West Nile virus NRG1426	Orthoflavivirus nilense	NRG1426		Italy	2022	21-Oct-2022	Italy: Sicily	Horse	Nonhuman Mammal	
OQ689697_NRG1424	Orthoflavivirus nilense	Italy	Europe	2022	2022-10-21	12-Oct-2022	OQ689697	West Nile virus NRG1424	Orthoflavivirus nilense	NRG1424		Italy	2022	12-Oct-2022	Italy: Sicily	Horse	Nonhuman Mammal	
PP104329_TE.13830.2.8	Orthoflavivirus nilense	Italy	Europe	2023	2023-07-15	15-Jul-2023	PP104329	West Nile virus TE.13830.2.8	Orthoflavivirus nilense	TE.13830.2.8		Italy	2023	15-Jul-2023	Italy: EmiliaRomagna	Magpie	Avian	
PP104330_TE.15714.2.2	Orthoflavivirus nilense	Italy	Europe	2023	2023-07-15	15-Jul-2023	PP104330	West Nile virus TE.15714.2.2	Orthoflavivirus nilense	TE.15714.2.2		Italy	2023	15-Jul-2023	Italy: Lombardia	Northern House Mosquito	Insect	
PP104332_TE.19667.2.2	Orthoflavivirus nilense	Italy	Europe	2023	2023-07-28	28-Jul-2023	PP104332	West Nile virus TE.19667.2.2	Orthoflavivirus nilense	TE.19667.2.2		Italy	2023	28-Jul-2023	Italy: EmiliaRomagna	Magpie	Avian	
PP104333_TE.19667.2.3	Orthoflavivirus nilense	Italy	Europe	2023	2023-08-10	10-Aug-2023	PP104333	West Nile virus TE.19667.2.3	Orthoflavivirus nilense	TE.19667.2.3		Italy	2023	10-Aug-2023	Italy: Lombardia	Goshawk	Avian	
PP104334_TE.19667.2.4	Orthoflavivirus nilense	Italy	Europe	2023	2023-08-10	10-Aug-2023	PP104334	West Nile virus TE.19667.2.4	Orthoflavivirus nilense	TE.19667.2.4		Italy	2023	10-Aug-2023	Italy: Lombardia	Crow	Avian	
PP104336_TE.19667.2.6	Orthoflavivirus nilense	Italy	Europe	2023	2023-08-07	17-Aug-2023	PP104336	West Nile virus TE.19667.2.6	Orthoflavivirus nilense	TE.19667.2.6		Italy	2023	17-Aug-2023	Italy: Lombardia	Owl	Avian	
PP104337_TE.19667.2.8	Orthoflavivirus nilense	Italy	Europe	2023	2023-08-17	17-Aug-2023	PP104337	West Nile virus TE.19667.2.8	Orthoflavivirus nilense	TE.19667.2.8		Italy	2023	17-Aug-2023	Italy: Lombardia	Magpie	Avian	
PP104335_TE.19667.2.5	Orthoflavivirus nilense	Italy	Europe	2023	2023-08-11	11-Aug-2023	PP104335	West Nile virus TE.19667.2.5	Orthoflavivirus nilense	TE.19667.2.5		Italy	2023	11-Aug-2023	Italy: EmiliaRomagna			
PP104338_TE.20709.2.10	Orthoflavivirus nilense	Italy	Europe	2023	2023-07-26	26-Jul-2023	PP104338	West Nile virus TE.20709.2.10	Orthoflavivirus nilense	TE.20709.2.10		Italy	2023	26-Jul-2023	Italy: EmiliaRomagna	Northern House Mosquito	Insect	
PP104339_TE.20709.2.12	Orthoflavivirus nilense	Italy	Europe	2023	2023-07-28	28-Jul-2023	PP104339	West Nile virus TE.20709.2.12	Orthoflavivirus nilense	TE.20709.2.12		Italy	2023	28-Jul-2023	Italy: EmiliaRomagna	Northern House Mosquito	Insect	
PP104341_TE.20709.2.15	Orthoflavivirus nilense	Italy	Europe	2023	2023-07-28	28-Jul-2023	PP104341	West Nile virus TE.20709.2.15	Orthoflavivirus nilense	TE.20709.2.15		Italy	2023	28-Jul-2023	Italy: Lombardia	Northern House Mosquito	Insect	
PP104343_TE.20709.2.2	Orthoflavivirus nilense	Italy	Europe	2023	2023-07-11	11-Jul-2023	PP104343	West Nile virus TE.20709.2.2	Orthoflavivirus nilense	TE.20709.2.2		Italy	2023	11-Jul-2023	Italy: EmiliaRomagna	Northern House Mosquito	Insect	
PP104346_TE.20709.2.7	Orthoflavivirus nilense	Italy	Europe	2023	2023-07-26	26-Jul-2023	PP104346	West Nile virus TE.20709.2.7	Orthoflavivirus nilense	TE.20709.2.7		Italy	2023	26-Jul-2023	Italy: Lombardia	Northern House Mosquito	Insect	
PP104345_TE.20709.2.6	Orthoflavivirus nilense	Italy	Europe	2023	2023-07-26	26-Jul-2023	PP104345	West Nile virus TE.20709.2.6	Orthoflavivirus nilense	TE.20709.2.6		Italy	2023	26-Jul-2023	Italy: Piemonte	Northern House Mosquito	Insect	
PP104344_TE.20709.2.5	Orthoflavivirus nilense	Italy	Europe	2023	2023-07-20	20-Jul-2023	PP104344	West Nile virus TE.20709.2.5	Orthoflavivirus nilense	TE.20709.2.5		Italy	2023	20-Jul-2023	Italy: Sardegna	Crow	Avian	
PP104347_TE.20709.2.8	Orthoflavivirus nilense	Italy	Europe	2023	2023-07-26	26-Jul-2023	PP104347	West Nile virus TE.20709.2.8	Orthoflavivirus nilense	TE.20709.2.8		Italy	2023	26-Jul-2023	Italy: EmiliaRomagna	Magpie	Avian	
PP104350_TE.21946.1.1	Orthoflavivirus nilense	Italy	Europe	2023	2023-08-11	11-Aug-2023	PP104350	West Nile virus TE.21946.1.1	Orthoflavivirus nilense	TE.21946.1.1		Italy	2023	11-Aug-2023	Italy: EmiliaRomagna	Northern House Mosquito	Insect	
PP104349_TE.21942.1.1	Orthoflavivirus nilense	Italy	Europe	2023	2023-08-11	11-Aug-2023	PP104349	West Nile virus TE.21942.1.1	Orthoflavivirus nilense	TE.21942.1.1		Italy	2023	11-Aug-2023	Italy: EmiliaRomagna	Northern House Mosquito	Insect	
PP104351_TE.21952.1.1	Orthoflavivirus nilense	Italy	Europe	2023	2023-08-11	11-Aug-2023	PP104351	West Nile virus TE.21952.1.1	Orthoflavivirus nilense	TE.21952.1.1		Italy	2023	11-Aug-2023	Italy: Friuli	Northern House Mosquito	Insect	
PP104352_TE.21954.1.1	Orthoflavivirus nilense	Italy	Europe	2023	2023-08-11	11-Aug-2023	PP104352	West Nile virus TE.21954.1.1	Orthoflavivirus nilense	TE.21954.1.1		Italy	2023	11-Aug-2023	Italy: EmiliaRomagna	Northern House Mosquito	Insect	
PP104353_TE.21959.1.1	Orthoflavivirus nilense	Italy	Europe	2023	2023-08-11	17-Aug-2023	PP104353	West Nile virus TE.21959.1.1	Orthoflavivirus nilense	TE.21959.1.1		Italy	2023	17-Aug-2023	Italy: Lombardia	Crow	Avian	
PP104357_TE.21981.1.1	Orthoflavivirus nilense	Italy	Europe	2023	2023-08-11	11-Aug-2023	PP104357	West Nile virus TE.21981.1.1	Orthoflavivirus nilense	TE.21981.1.1		Italy	2023	11-Aug-2023	Italy: EmiliaRomagna	Northern House Mosquito	Insect	
PP104355_TE.21969.1.1	Orthoflavivirus nilense	Italy	Europe	2023	2023-08-11	11-Aug-2023	PP104355	West Nile virus TE.21969.1.1	Orthoflavivirus nilense	TE.21969.1.1		Italy	2023	11-Aug-2023	Italy: EmiliaRomagna	Pigeon	Avian	
PP104356_TE.21980.1.1	Orthoflavivirus nilense	Italy	Europe	2023	2023-08-11	11-Aug-2023	PP104356	West Nile virus TE.21980.1.1	Orthoflavivirus nilense	TE.21980.1.1		Italy	2023	11-Aug-2023	Italy: EmiliaRomagna	Northern House Mosquito	Insect	
PP104354_TE.21960.1.1	Orthoflavivirus nilense	Italy	Europe	2023	2023-08-11	11-Aug-2023	PP104354	West Nile virus TE.21960.1.1	Orthoflavivirus nilense	TE.21960.1.1		Italy	2023	11-Aug-2023	Italy: Veneto	Northern House Mosquito	Insect	
PP104360_TE.21987.1.1	Orthoflavivirus nilense	Italy	Europe	2023	2023-08-11	11-Aug-2023	PP104360	West Nile virus TE.21987.1.1	Orthoflavivirus nilense	TE.21987.1.1		Italy	2023	11-Aug-2023	Italy: EmiliaRomagna	Northern House Mosquito	Insect	
PP104359_TE.21986.1.1	Orthoflavivirus nilense	Italy	Europe	2023	2023-08-11	11-Aug-2023	PP104359	West Nile virus TE.21986.1.1	Orthoflavivirus nilense	TE.21986.1.1		Italy	2023	11-Aug-2023	Italy: EmiliaRomagna	Northern House Mosquito	Insect	
PP104358_TE.21982.1.1	Orthoflavivirus nilense	Italy	Europe	2023	2023-08-17	17-Aug-2023	PP104358	West Nile virus TE.21982.1.1	Orthoflavivirus nilense	TE.21982.1.1		Italy	2023	17-Aug-2023	Italy: Lombardia	Crow	Avian	
PP104361_TE.23004.1.1	Orthoflavivirus nilense	Italy	Europe	2023	2023-08-11	11-Aug-2023	PP104361	West Nile virus TE.23004.1.1	Orthoflavivirus nilense	TE.23004.1.1		Italy	2023	11-Aug-2023	Italy: EmiliaRomagna	Northern House Mosquito	Insect	
PP104362_TE.23005.1.1	Orthoflavivirus nilense	Italy	Europe	2023	2023-08-09	09-Aug-2023	PP104362	West Nile virus TE.23005.1.1	Orthoflavivirus nilense	TE.23005.1.1		Italy	2023	09-Aug-2023	Italy: EmiliaRomagna	Northern House Mosquito	Insect	
PP104363_TE.23006.1.1	Orthoflavivirus nilense	Italy	Europe	2023	2023-08-04	04-Aug-2023	PP104363	West Nile virus TE.23006.1.1	Orthoflavivirus nilense	TE.23006.1.1		Italy	2023	04-Aug-2023	Italy: EmiliaRomagna	Northern House Mosquito	Insect	
PP104364_TE.23007.1.1	Orthoflavivirus nilense	Italy	Europe	2023	2023-08-04	04-Aug-2023	PP104364	West Nile virus TE.23007.1.1	Orthoflavivirus nilense	TE.23007.1.1		Italy	2023	04-Aug-2023	Italy: Lombardia	Northern House Mosquito	Insect	
PP104365_TE.23008.1.1	Orthoflavivirus nilense	Italy	Europe	2023	2023-08-04	04-Aug-2023	PP104365	West Nile virus TE.23008.1.1	Orthoflavivirus nilense	TE.23008.1.1		Italy	2023	04-Aug-2023	Italy: Lombardia	Northern House Mosquito	Insect	
PP104366_TE.23009.1.1	Orthoflavivirus nilense	Italy	Europe	2023	2023-08-09	09-Aug-2023	PP104366	West Nile virus TE.23009.1.1	Orthoflavivirus nilense	TE.23009.1.1		Italy	2023	09-Aug-2023	Italy: EmiliaRomagna	Northern House Mosquito	Insect	
PP104368_TE.23012.1.1	Orthoflavivirus nilense	Italy	Europe	2023	2023-08-09	09-Aug-2023	PP104368	West Nile virus TE.23012.1.1	Orthoflavivirus nilense	TE.23012.1.1		Italy	2023	09-Aug-2023	Italy: EmiliaRomagna	Northern House Mosquito	Insect	
PP104367_TE.23010.1.1	Orthoflavivirus nilense	Italy	Europe	2023	2023-08-09	09-Aug-2023	PP104367	West Nile virus TE.23010.1.1	Orthoflavivirus nilense	TE.23010.1.1		Italy	2023	09-Aug-2023	Italy: Piemonte	Crow	Avian	
PP104370_TE.23015.1.1	Orthoflavivirus nilense	Italy	Europe	2023	2023-08-09	09-Aug-2023	PP104370	West Nile virus TE.23015.1.1	Orthoflavivirus nilense	TE.23015.1.1		Italy	2023	09-Aug-2023	Italy: Piemonte	Northern House Mosquito	Insect	
PP104369_TE.23014.1.1	Orthoflavivirus nilense	Italy	Europe	2023	2023-08-09	09-Aug-2023	PP104369	West Nile virus TE.23014.1.1	Orthoflavivirus nilense	TE.23014.1.1		Italy	2023	09-Aug-2023	Italy: Veneto	Northern House Mosquito	Insect	
PP104372_TE.23018.1.1	Orthoflavivirus nilense	Italy	Europe	2023	2023-08-09	09-Aug-2023	PP104372	West Nile virus TE.23018.1.1	Orthoflavivirus nilense	TE.23018.1.1		Italy	2023	09-Aug-2023	Italy: Piemonte	Magpie	Avian	
PP104371_TE.23016.1.1	Orthoflavivirus nilense	Italy	Europe	2023	2023-08-09	09-Aug-2023	PP104371	West Nile virus TE.23016.1.1	Orthoflavivirus nilense	TE.23016.1.1		Italy	2023	09-Aug-2023	Italy: EmiliaRomagna	Northern House Mosquito	Insect	
PP104374_TE.25165.1.2	Orthoflavivirus nilense	Italy	Europe	2023	2023-09-13	13-Sep-2023	PP104374	West Nile virus TE.25165.1.2	Orthoflavivirus nilense	TE.25165.1.2		Italy	2023	13-Sep-2023	Italy: EmiliaRomagna	Northern House Mosquito	Insect	
PP104373_TE.25164.1.2	Orthoflavivirus nilense	Italy	Europe	2023	2023-09-09	08-Sep-2023	PP104373	West Nile virus TE.25164.1.2	Orthoflavivirus nilense	TE.25164.1.2		Italy	2023	08-Sep-2023	Italy: Veneto	Northern House Mosquito	Insect	
PP104376_TE.25167.1.2	Orthoflavivirus nilense	Italy	Europe	2023	2023-08-28	28-Aug-2023	PP104376	West Nile virus TE.25167.1.2	Orthoflavivirus nilense	TE.25167.1.2		Italy	2023	28-Aug-2023	Italy: EmiliaRomagna	Northern House Mosquito	Insect	
PP104377_TE.25168.1.2	Orthoflavivirus nilense	Italy	Europe	2023	2023-09-15	15-Sep-2023	PP104377	West Nile virus TE.25168.1.2	Orthoflavivirus nilense	TE.25168.1.2		Italy	2023	15-Sep-2023	Italy: EmiliaRomagna	Northern House Mosquito	Insect	
PP104375_TE.25166.1.2	Orthoflavivirus nilense	Italy	Europe	2023	2023-09-08	08-Sep-2023	PP104375	West Nile virus TE.25166.1.2	Orthoflavivirus nilense	TE.25166.1.2		Italy	2023	08-Sep-2023	Italy: Veneto	Northern House Mosquito	Insect	
PP104379_TE.19712.2.3	Orthoflavivirus nilense	Italy	Europe	2023	2023-08-24	24-Aug-2023	PP104379	West Nile virus TE.19712.2.3	Orthoflavivirus nilense	TE.19712.2.3		Italy	2023	24-Aug-2023	Italy: Veneto	Northern House Mosquito	Insect	
PP104380_TE.19712.2.5	Orthoflavivirus nilense	Italy	Europe	2023	2023-07-15	15-Jul-2023	PP104380	West Nile virus TE.19712.2.5	Orthoflavivirus nilense	TE.19712.2.5		Italy	2023	15-Jul-2023	Italy: EmiliaRomagna	Northern House Mosquito	Insect	
PP104381_TE.25156.1.2	Orthoflavivirus nilense	Italy	Europe	2023	2023-09-08	08-Sep-2023	PP104381	West Nile virus TE.25156.1.2	Orthoflavivirus nilense	TE.25156.1.2		Italy	2023	08-Sep-2023	Italy: Veneto	Northern House Mosquito	Insect	
PP104382_TE.25159.1.2	Orthoflavivirus nilense	Italy	Europe	2023	2023-08-23	09-Aug-2023	PP104382	West Nile virus TE.25159.1.2	Orthoflavivirus nilense	TE.25159.1.2		Italy	2023	09-Aug-2023	Italy: Veneto			
KC954092_Italy/2012/Livenza/37.1	Orthoflavivirus nilense	Italy	Europe	2012	2012-09-01	2012-09	KC954092	West Nile virus Italy/2012/Livenza/37.1	Orthoflavivirus nilense	Italy/2012/Livenza/37.1	cultured from urine	Italy	2012	2012-09	Italy: Veneto region	 Portogruaro	Human	Human
FJ483548_15217	Orthoflavivirus nilense	Italy	Europe	2008	2008-01-01	2008	FJ483548	West Nile virus 15217	Orthoflavivirus nilense	15217	magpie	Italy	2008	2008	Italy			
KF234080_Italy/2009/FIN	Orthoflavivirus nilense	Italy	Europe	2009	2009-01-01	2009	KF234080	West Nile virus Italy/2009/FIN	Orthoflavivirus nilense	Italy/2009/FIN	patient with neuroinvasive WNV	Italy	2009	2009	Italy: Emilia-Romagna region	Human	Human	
KF647250_Italy/2013/Rovigo/33.1	Orthoflavivirus nilense	Italy	Europe	2013	2013-08-01	2013-08	KF647250	West Nile virus Italy/2013/Rovigo/33.1	Orthoflavivirus nilense	Italy/2013/Rovigo/33.1	urine	Italy	2013	2013-08	Italy: Veneto region	 Rovigo	Human	Human
KF647251_Italy/2013/Padova/34.1	Orthoflavivirus nilense	Italy	Europe	2013	2013-08-01	2013-08	KF647251	West Nile virus Italy/2013/Padova/34.1	Orthoflavivirus nilense	Italy/2013/Padova/34.1	urine	Italy	2013	2013-08	Italy: Veneto region	 Padova	Human	Human
KF823806_Italy/2013/Mantova/40.1	Orthoflavivirus nilense	Italy	Europe	2013	2013-10-01	2013-10	KF823806	West Nile virus Italy/2013/Mantova/40.1	Orthoflavivirus nilense	Italy/2013/Mantova/40.1	urine	Italy	2013	2013-10	Italy: Lombardia region	 Mantova	Human	Human
JN858069_Italy/2011/AN-1	Orthoflavivirus nilense	Italy	Europe	2011	2011-09-01	2011-09	JN858069	West Nile virus Italy/2011/AN-1	Orthoflavivirus nilense	Italy/2011/AN-1	urine from infected transplant recipient	Italy	2011	2011-09	Italy	Human	Human	
JN858070_Italy/2011/AN-2	Orthoflavivirus nilense	Italy	Europe	2011	2011-09-01	2011-09	JN858070	West Nile virus Italy/2011/AN-2	Orthoflavivirus nilense	Italy/2011/AN-2	urine	Italy	2011	2011-09	Italy	Human	Human	
MW036633_Mosquito_pool_19	Orthoflavivirus nilense	Netherlands	Europe	2020	2020-09-01	2020-09	MW036633	West Nile virus Mosquito_pool_19	Orthoflavivirus nilense	Mosquito_pool_19		Netherlands	2020	2020-09	Netherlands			
MW036634_Mosquito_pool_25	Orthoflavivirus nilense	Netherlands	Europe	2020	2020-08-01	2020-08	MW036634	West Nile virus Mosquito_pool_25	Orthoflavivirus nilense	Mosquito_pool_25		Netherlands	2020	2020-08	Netherlands			
OP804520_WNV-5	Orthoflavivirus nilense	Poland	Europe	2022	2022-10-01	Oct-2022	OP804520	West Nile virus WNV-5	Orthoflavivirus nilense	WNV-5		Poland	2022	Oct-2022	Poland			
MH939153_DD58c	Orthoflavivirus nilense	Romania	Europe	2014	2014-01-01	2014	MH939153	West Nile virus DD58c	Orthoflavivirus nilense	DD58c		Romania	2014	2014	Romania	Mosquito	Insect	
MH939154_DD84c	Orthoflavivirus nilense	Romania	Europe	2014	2014-01-01	2014	MH939154	West Nile virus DD84c	Orthoflavivirus nilense	DD84c		Romania	2014	2014	Romania			
KJ934710_Hyalomma/Romania/2013	Orthoflavivirus nilense	Romania	Europe	2013	2013-08-27	2013-08-27	KJ934710	West Nile virus Hyalomma/Romania/2013	Orthoflavivirus nilense	Hyalomma/Romania/2013		Romania	2013	2013-08-27	Romania: Enisala	Tick	Tick	
FJ159129_101_5-06-Uu	Orthoflavivirus nilense	Russia	Europe	2006	2006-01-01	2006	FJ159129	West Nile virus 101_5-06-Uu	Orthoflavivirus nilense	101_5-06-Uu		Russia	2006	2006	Russia: Volgograd			
FJ159130_5_50-05-Uu	Orthoflavivirus nilense	Russia	Europe	2005	2005-01-01	2005	FJ159130	West Nile virus 5_50-05-Uu	Orthoflavivirus nilense	5_50-05-Uu		Russia	2005	2005	Russia: Volgograd			
FJ159131_8_1-05-Uu	Orthoflavivirus nilense	Russia	Europe	2005	2005-01-01	2005	FJ159131	West Nile virus 8_1-05-Uu	Orthoflavivirus nilense	8_1-05-Uu		Russia	2005	2005	Russia: Volgograd			
JX041634_Ast-986	Orthoflavivirus nilense	Russia	Europe	1999	1999-01-01	1999	JX041634	West Nile virus Ast-986	Orthoflavivirus nilense	Ast-986		Russia	1999	1999	Russia: Astrakhan region	Human	Human	
MN619801_Volgograd696/18	Orthoflavivirus nilense	Russia	Europe	2018	2018-01-01	2018	MN619801	West Nile virus Volgograd696/18	Orthoflavivirus nilense	Volgograd696/18		Russia	2018	2018	Russia: Volgograd region	Northern House Mosquito	Insect	
MN619802_Volgograd723/18	Orthoflavivirus nilense	Russia	Europe	2018	2018-01-01	2018	MN619802	West Nile virus Volgograd723/18	Orthoflavivirus nilense	Volgograd723/18		Russia	2018	2018	Russia: Volgograd region	Northern House Mosquito	Insect	
MN619803_Volgograd829/18	Orthoflavivirus nilense	Russia	Europe	2018	2018-01-01	2018	MN619803	West Nile virus Volgograd829/18	Orthoflavivirus nilense	Volgograd829/18		Russia	2018	2018	Russia: Volgograd region	Northern House Mosquito	Insect	
MN812757_Volgograd627/18	Orthoflavivirus nilense	Russia	Europe	2018	2018-01-01	2018	MN812757	West Nile virus Volgograd627/18	Orthoflavivirus nilense	Volgograd627/18		Russia	2018	2018	Russia: Volgograd region	Mosquito	Insect	
MN812758_Volgograd652/18	Orthoflavivirus nilense	Russia	Europe	2018	2018-01-01	2018	MN812758	West Nile virus Volgograd652/18	Orthoflavivirus nilense	Volgograd652/18		Russia	2018	2018	Russia: Volgograd region	Mosquito	Insect	
MN812759_Volgograd592/18	Orthoflavivirus nilense	Russia	Europe	2018	2018-01-01	2018	MN812759	West Nile virus Volgograd592/18	Orthoflavivirus nilense	Volgograd592/18		Russia	2018	2018	Russia: Volgograd region	Human	Human	
MN812760_Volgograd594/18	Orthoflavivirus nilense	Russia	Europe	2018	2018-01-01	2018	MN812760	West Nile virus Volgograd594/18	Orthoflavivirus nilense	Volgograd594/18		Russia	2018	2018	Russia: Volgograd region	Human	Human	
MN812761_Volgograd623/18	Orthoflavivirus nilense	Russia	Europe	2018	2018-01-01	2018	MN812761	West Nile virus Volgograd623/18	Orthoflavivirus nilense	Volgograd623/18		Russia	2018	2018	Russia: Volgograd region	Human	Human	
MN149538_Tomsk/bird/2006/A4	Orthoflavivirus nilense	Russia	Europe	2006	2006-05-01	2006-05	MN149538	West Nile virus Tomsk/bird/2006/A4	Orthoflavivirus nilense	Tomsk/bird/2006/A4		Russia	2006	2006-05	Russia			
KU978768_MOS 94	Orthoflavivirus nilense	Russia	Europe	1963	1963-01-01	1963	KU978768	West Nile virus strain MOS 94	Orthoflavivirus nilense	MOS 94	Tick	Russia	1963	1963	Russia: Astrakhan region			
OP345085_Voronezh 794/21	Orthoflavivirus nilense	Russia	Europe	2021	2021-01-01	2021	OP345085	West Nile virus Voronezh 794/21	Orthoflavivirus nilense	Voronezh 794/21		Russia	2021	2021	Russia: Voronezh	Northern House Mosquito	Insect	
OP345086_Volgograd 843/21	Orthoflavivirus nilense	Russia	Europe	2021	2021-01-01	2021	OP345086	West Nile virus Volgograd 843/21	Orthoflavivirus nilense	Volgograd 843/21		Russia	2021	2021	Russia: Volgograd	Northern House Mosquito	Insect	
OP345087_Volgograd 840/21	Orthoflavivirus nilense	Russia	Europe	2021	2021-01-01	2021	OP345087	West Nile virus Volgograd 840/21	Orthoflavivirus nilense	Volgograd 840/21		Russia	2021	2021	Russia: Volgograd	Northern House Mosquito	Insect	
OP345089_Volgograd 832/21	Orthoflavivirus nilense	Russia	Europe	2021	2021-01-01	2021	OP345089	West Nile virus Volgograd 832/21	Orthoflavivirus nilense	Volgograd 832/21		Russia	2021	2021	Russia: Volgograd	Northern House Mosquito	Insect	
OP345090_Volgograd 830/21	Orthoflavivirus nilense	Russia	Europe	2021	2021-01-01	2021	OP345090	West Nile virus Volgograd 830/21	Orthoflavivirus nilense	Volgograd 830/21		Russia	2021	2021	Russia: Volgograd	Northern House Mosquito	Insect	
OP345088_Volgograd 839/21	Orthoflavivirus nilense	Russia	Europe	2021	2021-01-01	2021	OP345088	West Nile virus Volgograd 839/21	Orthoflavivirus nilense	Volgograd 839/21		Russia	2021	2021	Russia: Volgograd	Northern House Mosquito	Insect	
OP345091_Volgograd 829/21	Orthoflavivirus nilense	Russia	Europe	2021	2021-01-01	2021	OP345091	West Nile virus Volgograd 829/21	Orthoflavivirus nilense	Volgograd 829/21		Russia	2021	2021	Russia: Volgograd	Northern House Mosquito	Insect	
OP345092_Volgogard 787/21	Orthoflavivirus nilense	Russia	Europe	2021	2021-01-01	2021	OP345092	West Nile virus Volgogard 787/21	Orthoflavivirus nilense	Volgogard 787/21		Russia	2021	2021	Russia: Volgograd	Northern House Mosquito	Insect	
OP345095_Volgograd 439/21	Orthoflavivirus nilense	Russia	Europe	2021	2021-01-01	2021	OP345095	West Nile virus Volgograd 439/21	Orthoflavivirus nilense	Volgograd 439/21		Russia	2021	2021	Russia: Volgograd	Mosquito	Insect	
OP345094_Volgograd 701/21	Orthoflavivirus nilense	Russia	Europe	2021	2021-01-01	2021	OP345094	West Nile virus Volgograd 701/21	Orthoflavivirus nilense	Volgograd 701/21		Russia	2021	2021	Russia: Volgograd	Northern House Mosquito	Insect	
OP345096_Volgograd 437/21	Orthoflavivirus nilense	Russia	Europe	2021	2021-01-01	2021	OP345096	West Nile virus Volgograd 437/21	Orthoflavivirus nilense	Volgograd 437/21		Russia	2021	2021	Russia: Volgograd	Mosquito	Insect	
OP345097_Volgograd 72/21	Orthoflavivirus nilense	Russia	Europe	2021	2021-01-01	2021	OP345097	West Nile virus Volgograd 72/21	Orthoflavivirus nilense	Volgograd 72/21		Russia	2021	2021	Russia: Volgograd	Tick	Tick	
OP345093_Volgograd 703/21	Orthoflavivirus nilense	Russia	Europe	2021	2021-01-01	2021	OP345093	West Nile virus Volgograd 703/21	Orthoflavivirus nilense	Volgograd 703/21		Russia	2021	2021	Russia: Volgograd	Northern House Mosquito	Insect	
OP345099_Rostov 7/21	Orthoflavivirus nilense	Russia	Europe	2021	2021-01-01	2021	OP345099	West Nile virus Rostov 7/21	Orthoflavivirus nilense	Rostov 7/21		Russia	2021	2021	Russia: Rostov	Rook	Avian	
OP345098_Urupinsk 825/21	Orthoflavivirus nilense	Russia	Europe	2021	2021-01-01	2021	OP345098	West Nile virus Urupinsk 825/21	Orthoflavivirus nilense	Urupinsk 825/21		Russia	2021	2021	Russia: Urupinsk	Mosquito	Insect	
OP345100_Dagestan 751/21	Orthoflavivirus nilense	Russia	Europe	2021	2021-01-01	2021	OP345100	West Nile virus Dagestan 751/21	Orthoflavivirus nilense	Dagestan 751/21		Russia	2021	2021	Russia: Dagestan	Northern House Mosquito	Insect	
OP345101_Astrakhan 962/21	Orthoflavivirus nilense	Russia	Europe	2021	2021-01-01	2021	OP345101	West Nile virus Astrakhan 962/21	Orthoflavivirus nilense	Astrakhan 962/21		Russia	2021	2021	Russia: Astrakhan	Mosquito	Insect	
OP345102_Volgograd 312/20	Orthoflavivirus nilense	Russia	Europe	2020	2020-01-01	2020	OP345102	West Nile virus Volgograd 312/20	Orthoflavivirus nilense	Volgograd 312/20		Russia	2020	2020	Russia: Volgograd			
OP345104_Rostov 297/20	Orthoflavivirus nilense	Russia	Europe	2020	2020-01-01	2020	OP345104	West Nile virus Rostov 297/20	Orthoflavivirus nilense	Rostov 297/20		Russia	2020	2020	Russia: Rostov	Rook	Avian	
OP345103_Volgograd 305/20	Orthoflavivirus nilense	Russia	Europe	2020	2020-01-01	2020	OP345103	West Nile virus Volgograd 305/20	Orthoflavivirus nilense	Volgograd 305/20		Russia	2020	2020	Russia: Volgograd	Great Crested Grebe	Avian	
OP345105_Volgograd 120/20	Orthoflavivirus nilense	Russia	Europe	2020	2020-01-01	2020	OP345105	West Nile virus Volgograd 120/20	Orthoflavivirus nilense	Volgograd 120/20		Russia	2020	2020	Russia: Volgograd	Northern House Mosquito	Insect	
OP345106_Volgograd 5/20	Orthoflavivirus nilense	Russia	Europe	2020	2020-01-01	2020	OP345106	West Nile virus Volgograd 5/20	Orthoflavivirus nilense	Volgograd 5/20		Russia	2020	2020	Russia: Volgograd	Northern House Mosquito	Insect	
OP345107_Volgograd 810/19	Orthoflavivirus nilense	Russia	Europe	2019	2019-01-01	2019	OP345107	West Nile virus Volgograd 810/19	Orthoflavivirus nilense	Volgograd 810/19		Russia	2019	2019	Russia: Volgograd	Human	Human	
OP345108_Volgograd 16/19	Orthoflavivirus nilense	Russia	Europe	2019	2019-01-01	2019	OP345108	West Nile virus Volgograd 16/19	Orthoflavivirus nilense	Volgograd 16/19		Russia	2019	2019	Russia: Volgograd	Northern House Mosquito	Insect	
OQ214891_Volgograd 912/22	Orthoflavivirus nilense	Russia	Europe	2022	2022-01-01	2022	OQ214891	West Nile virus Volgograd 912/22	Orthoflavivirus nilense	Volgograd 912/22		Russia	2022	2022	Russia: Volgograd	Northern House Mosquito	Insect	
OQ214890_Volgograd 1031/22	Orthoflavivirus nilense	Russia	Europe	2022	2022-01-01	2022	OQ214890	West Nile virus Volgograd 1031/22	Orthoflavivirus nilense	Volgograd 1031/22		Russia	2022	2022	Russia: Volgograd	Northern House Mosquito	Insect	
OQ214888_Kalmikia 499/22	Orthoflavivirus nilense	Russia	Europe	2022	2022-01-01	2022	OQ214888	West Nile virus Kalmikia 499/22	Orthoflavivirus nilense	Kalmikia 499/22		Russia	2022	2022	Russia: Kalmikia	Northern House Mosquito	Insect	
OQ214889_Stavropol 1451/22	Orthoflavivirus nilense	Russia	Europe	2022	2022-01-01	2022	OQ214889	West Nile virus Stavropol 1451/22	Orthoflavivirus nilense	Stavropol 1451/22		Russia	2022	2022	Russia: Stavropol	Northern House Mosquito	Insect	
OR757503_Krasnodar 61/23	Orthoflavivirus nilense	Russia	Europe	2023	2023-01-01	2023	OR757503	West Nile virus Krasnodar 61/23	Orthoflavivirus nilense	Krasnodar 61/23	liquor	Russia	2023	2023	Russia: Krasnodar			
OR757498_Rostov 7/23	Orthoflavivirus nilense	Russia	Europe	2023	2023-01-01	2023	OR757498	West Nile virus Rostov 7/23	Orthoflavivirus nilense	Rostov 7/23	serum	Russia	2023	2023	Russia: Rostov			
OR757500_Volgograd 15/23	Orthoflavivirus nilense	Russia	Europe	2023	2023-01-01	2023	OR757500	West Nile virus Volgograd 15/23	Orthoflavivirus nilense	Volgograd 15/23	liquor	Russia	2023	2023	Russia: Volgograd			
OR757502_Krasnodar 51/23	Orthoflavivirus nilense	Russia	Europe	2023	2023-01-01	2023	OR757502	West Nile virus Krasnodar 51/23	Orthoflavivirus nilense	Krasnodar 51/23	serum	Russia	2023	2023	Russia: Krasnodar			
OR757506_Volgograd 75/23	Orthoflavivirus nilense	Russia	Europe	2023	2023-01-01	2023	OR757506	West Nile virus Volgograd 75/23	Orthoflavivirus nilense	Volgograd 75/23		Russia	2023	2023	Russia: Volgograd	Tick	Tick	
OR757499_Krasnodar 14/23	Orthoflavivirus nilense	Russia	Europe	2023	2023-01-01	2023	OR757499	West Nile virus Krasnodar 14/23	Orthoflavivirus nilense	Krasnodar 14/23	serum	Russia	2023	2023	Russia: Krasnodar			
OR757501_Bashkortostan 25/23	Orthoflavivirus nilense	Russia	Europe	2023	2023-01-01	2023	OR757501	West Nile virus Bashkortostan 25/23	Orthoflavivirus nilense	Bashkortostan 25/23	serum	Russia	2023	2023	Russia: Bashkortostan			
OR757505_Volgograd 73/23	Orthoflavivirus nilense	Russia	Europe	2023	2023-01-01	2023	OR757505	West Nile virus Volgograd 73/23	Orthoflavivirus nilense	Volgograd 73/23		Russia	2023	2023	Russia: Volgograd	Tick	Tick	
OR757507_Saratov 119/23	Orthoflavivirus nilense	Russia	Europe	2023	2023-01-01	2023	OR757507	West Nile virus Saratov 119/23	Orthoflavivirus nilense	Saratov 119/23		Russia	2023	2023	Russia: Saratov	Mosquito	Insect	
OR757508_KBR 277/23	Orthoflavivirus nilense	Russia	Europe	2023	2023-01-01	2023	OR757508	West Nile virus KBR 277/23	Orthoflavivirus nilense	KBR 277/23	blood	Russia	2023	2023	Russia: Kabardino-Balkaria	Human	Human	
OR757509_Astrakhan 379/23	Orthoflavivirus nilense	Russia	Europe	2023	2023-01-01	2023	OR757509	West Nile virus Astrakhan 379/23	Orthoflavivirus nilense	Astrakhan 379/23		Russia	2023	2023	Russia: Astrakhan	Northern House Mosquito	Insect	
OR757510_Chuvashiya 581/23	Orthoflavivirus nilense	Russia	Europe	2023	2023-01-01	2023	OR757510	West Nile virus Chuvashiya 581/23	Orthoflavivirus nilense	Chuvashiya 581/23	blood	Russia	2023	2023	Russia: Chuvashiya	Human	Human	
OR757512_Vladikavkaz 1336/23	Orthoflavivirus nilense	Russia	Europe	2023	2023-01-01	2023	OR757512	West Nile virus Vladikavkaz 1336/23	Orthoflavivirus nilense	Vladikavkaz 1336/23		Russia	2023	2023	Russia: Vladikavkaz	Mosquito	Insect	
OR757511_Krasnodar 858/23	Orthoflavivirus nilense	Russia	Europe	2023	2023-01-01	2023	OR757511	West Nile virus Krasnodar 858/23	Orthoflavivirus nilense	Krasnodar 858/23	blood	Russia	2023	2023	Russia: Krasnodar	Human	Human	
FJ425721_Reb_VLG_07_H	Orthoflavivirus nilense	Russia	Europe	2007	2007-01-01	2007	FJ425721	West Nile virus Reb_VLG_07_H	Orthoflavivirus nilense	Reb_VLG_07_H	brain	Russia	2007	2007	Russia: Volgograd	Human	Human	
KT757318_Vojvodina_2013_01	Orthoflavivirus nilense	Serbia	Europe	2013	2013-01-01	2013	KT757318	West Nile virus Vojvodina_2013_01	Orthoflavivirus nilense	Vojvodina_2013_01		Serbia	2013	2013	Serbia	Northern House Mosquito	Insect	
KT757319_Vojvodina_2013_02	Orthoflavivirus nilense	Serbia	Europe	2013	2013-01-01	2013	KT757319	West Nile virus Vojvodina_2013_02	Orthoflavivirus nilense	Vojvodina_2013_02		Serbia	2013	2013	Serbia	Northern House Mosquito	Insect	
KT757320_Vojvodina_2013_03	Orthoflavivirus nilense	Serbia	Europe	2013	2013-01-01	2013	KT757320	West Nile virus Vojvodina_2013_03	Orthoflavivirus nilense	Vojvodina_2013_03		Serbia	2013	2013	Serbia	Northern House Mosquito	Insect	
KT757321_Vojvodina_2013_04	Orthoflavivirus nilense	Serbia	Europe	2013	2013-01-01	2013	KT757321	West Nile virus Vojvodina_2013_04	Orthoflavivirus nilense	Vojvodina_2013_04		Serbia	2013	2013	Serbia	Northern House Mosquito	Insect	
KT757322_Vojvodina_2013_05	Orthoflavivirus nilense	Serbia	Europe	2013	2013-01-01	2013	KT757322	West Nile virus Vojvodina_2013_05	Orthoflavivirus nilense	Vojvodina_2013_05		Serbia	2013	2013	Serbia	Northern House Mosquito	Insect	
KT757323_Vojvodina_2013_06	Orthoflavivirus nilense	Serbia	Europe	2013	2013-01-01	2013	KT757323	West Nile virus Vojvodina_2013_06	Orthoflavivirus nilense	Vojvodina_2013_06		Serbia	2013	2013	Serbia	Northern House Mosquito	Insect	
KX375812_Novi Sad 24/2013	Orthoflavivirus nilense	Serbia	Europe	2013	2013-01-01	2013	KX375812	West Nile virus Novi Sad 24/2013	Orthoflavivirus nilense	Novi Sad 24/2013	serum	Serbia	2013	2013	Serbia	Human	Human	
KC496016_Novi Sad-2010	Orthoflavivirus nilense	Serbia	Europe	2010	2010-01-01	2010	KC496016	West Nile virus Novi Sad-2010	Orthoflavivirus nilense	Novi Sad-2010		Serbia	2010	2010	Serbia	Northern House Mosquito	Insect	
KC407673_Sad/12	Orthoflavivirus nilense	Serbia	Europe	2012	2012-01-01	2012	KC407673	West Nile virus Sad/12	Orthoflavivirus nilense	Sad/12		Serbia	2012	2012	Serbia	Goshawk	Avian	
MH244510_486.B/2014/Velky Biel/SVK	Orthoflavivirus nilense	Slovakia	Europe	2014	2014-01-01	2014	MH244510	West Nile virus 486.B/2014/Velky Biel/SVK	Orthoflavivirus nilense	486.B/2014/Velky Biel/SVK	brain	Slovakia	2014	2014	Slovakia: Velky Biel	Goshawk	Avian	
MH244511_291.B/2013/Velky Biel/SVK	Orthoflavivirus nilense	Slovakia	Europe	2013	2013-01-01	2013	MH244511	West Nile virus 291.B/2013/Velky Biel/SVK	Orthoflavivirus nilense	291.B/2013/Velky Biel/SVK	brain	Slovakia	2013	2013	Slovakia: Velky Biel	Goshawk	Avian	
MH244512_286.B/2013/Velky Biel/SVK	Orthoflavivirus nilense	Slovakia	Europe	2013	2013-01-01	2013	MH244512	West Nile virus 286.B/2013/Velky Biel/SVK	Orthoflavivirus nilense	286.B/2013/Velky Biel/SVK	brain	Slovakia	2013	2013	Slovakia: Velky Biel	Goshawk	Avian	
MH244513_200.B/2013/Secovce/SVK	Orthoflavivirus nilense	Slovakia	Europe	2013	2013-01-01	2013	MH244513	West Nile virus 200.B/2013/Secovce/SVK	Orthoflavivirus nilense	200.B/2013/Secovce/SVK	brain	Slovakia	2013	2013	Slovakia: Secovce			
MW561633_769.B/2018/Kavecany/SVK	Orthoflavivirus nilense	Slovakia	Europe	2018	2018-11-16	2018-11-16	MW561633	West Nile virus 769.B/2018/Kavecany/SVK	Orthoflavivirus nilense	769.B/2018/Kavecany/SVK	brain	Slovakia	2018	2018-11-16	Slovakia			
MK947396_Ko169-2018	Orthoflavivirus nilense	Slovenia	Europe	2018	2018-01-01	2018	MK947396	West Nile virus Ko169-2018	Orthoflavivirus nilense	Ko169-2018		Slovenia	2018	2018	Slovenia	Mosquito	Insect	
MK947397_WNV-2950	Orthoflavivirus nilense	Slovenia	Europe	2018	2018-08-23	2018-08-23	MK947397	West Nile virus WNV-2950	Orthoflavivirus nilense	WNV-2950	urine	Slovenia	2018	2018-08-23	Slovenia	Human	Human	
JF707789_HU6365/08	Orthoflavivirus nilense	Spain	Europe	2008	2008-01-01	2008	JF707789	West Nile virus HU6365/08	Orthoflavivirus nilense	HU6365/08		Spain	2008	2008	Spain	Mosquito	Insect	
MW915462_Spain/2017/NG-b	Orthoflavivirus nilense	Spain	Europe	2017	2017-09-01	2017-09	MW915462	West Nile virus Spain/2017/NG-b	Orthoflavivirus nilense	Spain/2017/NG-b	brain	Spain	2017	2017-09	Spain: Manilva	 Malaga	Goshawk	Avian
OM037670_Spain/2017/Northern_goshawk/AC568	Orthoflavivirus nilense	Spain	Europe	2017	2017-09-01	2017-09	OM037670	West Nile virus Spain/2017/Northern_goshawk/AC568	Orthoflavivirus nilense	Spain/2017/Northern_goshawk/AC568	brain	Spain	2017	2017-09	Spain: Lerida	 Catalonia		
OM037671_Spain/2020/Northern_goshawk/AC913	Orthoflavivirus nilense	Spain	Europe	2020	2020-09-01	2020-09	OM037671	West Nile virus Spain/2020/Northern_goshawk/AC913	Orthoflavivirus nilense	Spain/2020/Northern_goshawk/AC913	brain	Spain	2020	2020-09	Spain: Lerida	 Catalonia		
OM037672_Spain/2020/Northern_goshawk/AC923	Orthoflavivirus nilense	Spain	Europe	2020	2020-09-01	2020-09	OM037672	West Nile virus Spain/2020/Northern_goshawk/AC923	Orthoflavivirus nilense	Spain/2020/Northern_goshawk/AC923	brain	Spain	2020	2020-09	Spain: Tarragona	 Catalonia		
OM037673_Spain/2020/Northern_goshawk/AC924	Orthoflavivirus nilense	Spain	Europe	2020	2020-09-01	2020-09	OM037673	West Nile virus Spain/2020/Northern_goshawk/AC924	Orthoflavivirus nilense	Spain/2020/Northern_goshawk/AC924	brain	Spain	2020	2020-09	Spain: Tarragona	 Catalonia		
OQ357819_22C2392	Orthoflavivirus nilense	Spain	Europe	2022	2022-01-01	2022	OQ357819	West Nile virus 22C2392	Orthoflavivirus nilense	22C2392		Spain	2022	2022	Spain	Mosquito	Insect	
OQ357821_JA22_423	Orthoflavivirus nilense	Spain	Europe	2022	2022-01-01	2022	OQ357821	West Nile virus JA22_423	Orthoflavivirus nilense	JA22_423		Spain	2022	2022	Spain	Mosquito	Insect	
OQ357822_JA22_544	Orthoflavivirus nilense	Spain	Europe	2022	2022-01-01	2022	OQ357822	West Nile virus JA22_544	Orthoflavivirus nilense	JA22_544		Spain	2022	2022	Spain	Mosquito	Insect	
KC407667_ABB-B13	Orthoflavivirus nilense	Spain	Europe	2007	2007-01-01	2007	KC407667	West Nile virus ABB-B13	Orthoflavivirus nilense	ABB-B13		Spain	2007	2007	Spain	Mouse	Nonhuman Mammal	
KJ958922_T2	Orthoflavivirus nilense	Turkey	Europe	2011	2011-01-01	2011	KJ958922	West Nile virus T2	Orthoflavivirus nilense	T2	blood	Turkey	2011	2011	Turkey	Horse	Nonhuman Mammal	
OP617270_WNV/Turkey/HSGM136s/2018	Orthoflavivirus nilense	Turkey	Europe	2018	2018-01-01	2018	OP617270	West Nile virus WNV/Turkey/HSGM136s/2018	Orthoflavivirus nilense	WNV/Turkey/HSGM136s/2018		Turkey	2018	2018	Turkey	Human	Human	
JX041631_LEIV-3266Ukr	Orthoflavivirus nilense	Ukraine	Europe	1980	1980-01-01	1980	JX041631	West Nile virus LEIV-3266Ukr	Orthoflavivirus nilense	LEIV-3266Ukr		Ukraine	1980	1980	Ukraine: Lviv region	Bird	Avian	
